sentence_id,words,labels
1207,That,O
1207,means,O
1207,the,B-E
1207,mice,I-E
1207,should,I-E
1207,have,I-E
1207,died,I-E
1207,once,B-C
1207,their,I-C
1207,temporary,I-C
1207,islet,I-C
1207,transplants,I-C
1207,were,I-C
1207,removed.,I-C
256,"""Had",O
256,I,I-C
256,been,I-C
256,a,I-C
256,better,I-C
256,health,I-C
256,care,I-C
256,"buyer,''",I-C
256,Lorimer,B-E
256,said,I-E
256,from,I-E
256,his,I-E
256,other,I-E
256,home,I-E
256,in,I-E
256,St.,I-E
256,"Paul,",I-E
256,"Minn.,",I-E
256,"""I",I-E
256,would,I-E
256,have,I-E
256,probably,I-E
256,checked,I-E
256,"around"".",I-E
2357,But,O
2357,this,B-C
2357,would,I-C
2357,have,I-C
2357,been,I-C
2357,a,I-C
2357,blatant,I-C
2357,attempt,I-C
2357,to,I-C
2357,stall,I-C
2357,and,O
2357,Republicans,B-E
2357,would,I-E
2357,have,I-E
2357,skewered,I-E
2357,him,I-E
2357,for,I-E
2357,it.,I-E
175,So,O
175,he,O
175,picks,O
175,a,O
175,mid-sized,O
175,state's,O
175,governor,O
175,whose,O
175,foreign,O
175,policy,O
175,credentials,O
175,seem,O
175,to,O
175,be,O
175,visiting,O
175,Minnesota,O
175,troops,O
175,abroad,O
175,and,O
175,doing,O
175,trade,O
175,delegations?,O
175,Maybe,O
175,that,B-E
175,would,I-E
175,have,I-E
175,worked,I-E
175,if,B-C
175,Obama,I-C
175,picked,I-C
175,Kaine,I-C
175,or,I-C
175,"Sebelius,",I-C
175,whose,I-C
175,credentials,I-C
175,on,I-C
175,foreign,I-C
175,policy,I-C
175,would,I-C
175,have,I-C
175,only,I-C
175,been,I-C
175,only,I-C
175,comparable,I-C
175,to,I-C
175,Pawlenty.,I-C
211,Berkshire,B-E
211,"Hills,",I-E
211,a,I-E
211,thrift,I-E
211,located,I-E
211,in,I-E
211,western,I-E
211,"Massachusetts,",I-E
211,would,I-E
211,have,I-E
211,met,I-E
211,earnings,I-E
211,expectations,I-E
211,if,B-C
211,not,I-C
211,for,I-C
211,$0.17,I-C
211,per,I-C
211,share,I-C
211,of,I-C
211,"""non-core""",I-C
211,"expenses,",I-C
211,which,I-C
211,included,I-C
211,merger,I-C
211,costs,I-C
211,and,I-C
211,other,I-C
211,nonrecurring,I-C
211,expenses.,I-C
411,Had,B-C
411,I,I-C
411,known,I-C
411,"this,",I-C
411,instead,I-C
411,of,I-C
411,travelling,I-C
411,around,I-C
411,the,I-C
411,country,I-C
411,talking,I-C
411,to,I-C
411,cancer,I-C
411,"patients,",I-C
411,I,B-E
411,would,I-E
411,have,I-E
411,stayed,I-E
411,at,I-E
411,home,I-E
411,with,I-E
411,my,I-E
411,daughter,I-E
411,and,I-E
411,worked,I-E
411,on,I-E
411,my,I-E
411,second,I-E
411,"book,",I-E
411,which,I-E
411,I,I-E
411,am,I-E
411,determined,I-E
411,to,I-E
411,complete,I-E
411,before,I-E
411,I,I-E
411,die.,I-E
52,"Apparently,",O
52,Saul,O
52,didn't,O
52,consider,O
52,the,O
52,fact,O
52,that,O
52,if,B-C
52,Soptic,I-C
52,had,I-C
52,still,I-C
52,had,I-C
52,health,I-C
52,"insurance,",I-C
52,perhaps,O
52,his,B-E
52,wife's,I-E
52,cancer,I-E
52,would,I-E
52,have,I-E
52,been,I-E
52,caught,I-E
52,before,I-E
52,it,I-E
52,was,I-E
52,too,I-E
52,late.,I-E
266,Had,B-C
266,the,I-C
266,NRSC,I-C
266,dumped,I-C
266,that,I-C
266,$4,I-C
266,million,I-C
266,into,I-C
266,Montana,I-C
266,or,I-C
266,"Virginia,",I-C
266,we'd,B-E
266,have,I-E
266,Mitch,I-E
266,McConnell,I-E
266,as,I-E
266,majority,I-E
266,"leader,",I-E
266,George,I-E
266,Allen,I-E
266,as,I-E
266,the,I-E
266,Republican,I-E
266,nominee,I-E
266,for,I-E
266,"president,",I-E
266,and,I-E
266,legions,I-E
266,of,I-E
266,critics,I-E
266,still,I-E
266,mocking,I-E
266,bloggers,I-E
266,for,I-E
266,failing,I-E
266,to,I-E
266,notch,I-E
266,any,I-E
266,significant,I-E
266,wins,I-E
266,(our,O
266,three,O
266,top,O
266,2006,O
266,Senate,O
266,races,O
266,were,O
266,"Tester,",O
266,"Webb,",O
266,and,O
266,Lamont).,O
479,Some,B-E
479,observers,I-E
479,wonder,I-E
479,if,I-E
479,the,I-E
479,reaction,I-E
479,would,I-E
479,be,I-E
479,different,I-E
479,if,B-C
479,schools,I-C
479,were,I-C
479,stocking,I-C
479,an,I-C
479,antidote,I-C
479,to,I-C
479,a,I-C
479,different,I-C
479,"drug,",I-C
479,like,I-C
479,crack,I-C
479,cocaine.,I-C
1292,The,O
1292,verdictSo,O
1292,what's,O
1292,the,O
1292,final,O
1292,verdict?,O
1292,If,B-C
1292,I,I-C
1292,had,I-C
1292,any,I-C
1292,dry,I-C
1292,powder,I-C
1292,in,I-C
1292,my,I-C
1292,portfolio,I-C
1292,"today,",I-C
1292,I'd,B-E
1292,be,I-E
1292,happy,I-E
1292,to,I-E
1292,spend,I-E
1292,some,I-E
1292,of,I-E
1292,it,I-E
1292,on,I-E
1292,TTM,I-E
1292,shares.,I-E
2873,"""RyLeigh",O
2873,would,I-E
2873,have,I-E
2873,been,I-E
2873,three,I-E
2873,on,I-E
2873,July,I-E
2873,15,I-E
2873,in,B-C
2873,the,I-C
2873,event,I-C
2873,that,I-C
2873,she,I-C
2873,had,I-C
2873,"survived.""",I-C
1517,Futile,B-E
1517,though,I-E
1517,that,I-E
1517,monument,I-E
1517,may,I-E
1517,"be,",I-E
1517,he,I-E
1517,could,I-E
1517,have,I-E
1517,gotten,I-E
1517,"it,",I-E
1517,"too,",O
1517,had,B-C
1517,he,I-C
1517,been,I-C
1517,willing,I-C
1517,to,I-C
1517,trade,I-C
1517,something,I-C
1517,attractive,I-C
1517,to,I-C
1517,Democrats.,I-C
299,...,O
299,if,B-C
299,I,I-C
299,was,I-C
299,satisfied,I-C
299,by,I-C
299,traditional,I-C
299,"houses,",I-C
299,I,B-E
299,wouldn't,I-E
299,have,I-E
299,wanted,I-E
299,to,I-E
299,build,I-E
299,in,I-E
299,the,I-E
299,first,I-E
299,"place,",I-E
299,I'd,I-E
299,just,I-E
299,have,I-E
299,bought.,I-E
756,Imagine,B-E
756,what,I-E
756,our,I-E
756,"bodies,",I-E
756,"organs,",I-E
756,and,I-E
756,cells,I-E
756,might,I-E
756,be,I-E
756,physically,I-E
756,capable,I-E
756,"of,",I-E
756,if,B-C
756,the,I-C
756,long,I-C
756,sharp,I-C
756,scalpel,I-C
756,of,I-C
756,natural,I-C
756,selection,I-C
756,had,I-C
756,been,I-C
756,operating,I-C
756,on,I-C
756,our,I-C
756,kind,I-C
756,for,I-C
756,uncounted,I-C
756,trillions,I-C
756,of,I-C
756,generations.,I-C
44,On,O
44,the,O
44,"contrary,",O
44,we,B-E
44,would,I-E
44,have,I-E
44,long,I-E
44,ago,I-E
44,achieved,I-E
44,the,I-E
44,dream,I-E
44,of,I-E
44,universal,I-E
44,access,I-E
44,to,I-E
44,decent,I-E
44,care,I-E
44,had,B-C
44,liberals,I-C
44,let,I-C
44,go,I-C
44,of,I-C
44,their,I-C
44,dream,I-C
44,of,I-C
44,big,I-C
44,government's,I-C
44,supervisory,I-C
44,role,I-C
44,and,O
44,paid,O
44,more,O
44,attention,O
44,to,O
44,the,O
44,likes,O
44,of,O
44,Messrs,O
44,Hayek,O
44,and,O
44,Friedmen,O
44,when,O
44,they,O
44,talked,O
44,about,O
44,about,O
44,how,O
44,to,O
44,get,O
44,this,O
44,sort,O
44,of,O
44,thing,O
44,done.,O
2949,He,O
2949,proposes,O
2949,that,O
2949,the,B-E
2949,observed,I-E
2949,benefit,I-E
2949,would,I-E
2949,probably,I-E
2949,have,I-E
2949,been,I-E
2949,greater,I-E
2949,had,B-C
2949,there,I-C
2949,been,I-C
2949,fewer,I-C
2949,"""crossovers""",I-C
2949,in,I-C
2949,the,I-C
2949,control,I-C
2949,group.,I-C
1366,"""That",O
1366,should,O
1366,be,O
1366,our,O
1366,number,O
1366,one,O
1366,"priority,",O
1366,not,O
1366,just,O
1366,"shareholders,",O
1366,investors,O
1366,or,O
1366,CEOs,O
1366,of,O
1366,"companies.""",O
1366,Obama,O
1366,said,O
1366,a,B-E
1366,lot,I-E
1366,of,I-E
1366,the,I-E
1366,pain,I-E
1366,and,I-E
1366,suffering,I-E
1366,caused,I-E
1366,by,I-E
1366,the,I-E
1366,housing,I-E
1366,crisis,I-E
1366,could,I-E
1366,have,I-E
1366,been,I-E
1366,avoided,I-E
1366,if,B-C
1366,there,I-C
1366,had,I-C
1366,been,I-C
1366,more,I-C
1366,effective,I-C
1366,regulation,I-C
1366,in,I-C
1366,place.,I-C
2429,Another,O
2429,striking,O
2429,finding,O
2429,in,O
2429,the,O
2429,"research,",O
2429,carried,O
2429,out,O
2429,by,O
2429,OHE,O
2429,"Consulting,",O
2429,was,O
2429,that,O
2429,if,B-C
2429,co-operation,I-C
2429,between,I-C
2429,the,I-C
2429,EU,I-C
2429,and,I-C
2429,the,I-C
2429,UK,I-C
2429,had,I-C
2429,come,I-C
2429,to,I-C
2429,an,I-C
2429,"end,",I-C
2429,there,B-E
2429,could,I-E
2429,be,I-E
2429,a,I-E
2429,delay,I-E
2429,because,I-E
2429,of,I-E
2429,several,I-E
2429,months,I-E
2429,in,I-E
2429,sharing,I-E
2429,information,I-E
2429,about,I-E
2429,drug,I-E
2429,safety,I-E
2429,or,I-E
2429,adverse,I-E
2429,medical,I-E
2429,events.,I-E
1791,If,B-C
1791,I,I-C
1791,had,I-C
1791,my,I-C
1791,"choice,",I-C
1791,I'd,B-E
1791,move,I-E
1791,the,I-E
1791,entire,I-E
1791,DNC,I-E
1791,to,I-E
1791,Chicago,I-E
1791,or,I-E
1791,Columbus,I-E
1791,or,I-E
1791,Kansas,I-E
1791,City,I-E
1791,or,I-E
1791,Omaha,I-E
1791,or,I-E
1791,Denver.,I-E
1651,While,B-E
1651,this,I-E
1651,is,I-E
1651,a,I-E
1651,lot,I-E
1651,of,I-E
1651,"money,",I-E
1651,it's,I-E
1651,nowhere,I-E
1651,near,I-E
1651,what,I-E
1651,you,I-E
1651,might,I-E
1651,have,I-E
1651,to,I-E
1651,spend,I-E
1651,if,B-C
1651,you,I-C
1651,had,I-C
1651,no,I-C
1651,coverage,I-C
1651,at,I-C
1651,all.,I-C
1777,I,O
1777,suspect,O
1777,if,B-C
1777,he,I-C
1777,had,I-C
1777,emotionally,I-C
1777,attuned,I-C
1777,and,I-C
1777,connected,I-C
1777,to,I-C
1777,Marisa,I-C
1777,and,I-C
1777,helped,I-C
1777,her,I-C
1777,feel,I-C
1777,"seen,",I-C
1777,she,B-E
1777,may,I-E
1777,have,I-E
1777,moved,I-E
1777,through,I-E
1777,her,I-E
1777,emotions,I-E
1777,easier.,I-E
831,Obviously,O
831,we'd,O
831,rather,O
831,beat,O
831,than,O
831,"miss,",O
831,and,O
831,if,B-C
831,you,I-C
831,had,I-C
831,held,I-C
831,a,I-C
831,gun,I-C
831,to,I-C
831,my,I-C
831,head,I-C
831,I,B-E
831,would've,I-E
831,expected,I-E
831,us,I-E
831,to,I-E
831,go,I-E
831,under,I-E
831,the,I-E
831,"expectation,",I-E
831,not,I-E
831,over,I-E
831,it.,I-E
2620,"Finally,",B-C
2620,if,I-C
2620,you,I-C
2620,wish,I-C
2620,you,I-C
2620,had,I-C
2620,a,I-C
2620,financial,I-C
2620,pro,I-C
2620,to,I-C
2620,talk,I-C
2620,"to,",I-C
2620,to,I-C
2620,address,I-C
2620,your,I-C
2620,specific,I-C
2620,personal,I-C
2620,financial,I-C
2620,situation,I-C
2620,and,I-C
2620,help,I-C
2620,ensure,I-C
2620,that,I-C
2620,you're,I-C
2620,saving,I-C
2620,enough,I-C
2620,and,I-C
2620,well,I-C
2620,enough,I-C
2620,to,I-C
2620,meet,I-C
2620,all,I-C
2620,your,I-C
2620,"needs,",I-C
2620,then,B-E
2620,consider,I-E
2620,reading,I-E
2620,more,I-E
2620,about,I-E
2620,TMF,I-E
2620,Money,I-E
2620,Advisor.,I-E
2389,"""Given",O
2389,where,I-C
2389,this,I-C
2389,was,I-C
2389,"going,",I-C
2389,there,I-C
2389,was,I-C
2389,a,I-C
2389,good,I-C
2389,chance,I-C
2389,we,I-C
2389,were,I-C
2389,going,I-C
2389,off,I-C
2389,the,I-C
2389,fiscal,I-C
2389,"cliff,",I-C
2389,which,B-E
2389,would,I-E
2389,have,I-E
2389,been,I-E
2389,a,I-E
2389,huge,I-E
2389,economic,I-E
2389,"problem,""",I-E
2389,he,O
2389,said.,O
670,(Click,O
670,through,O
670,for,O
670,the,O
670,startling,O
670,graph,O
670,on,O
670,age,O
670,of,O
670,death,O
670,for,O
670,the,O
670,two,O
670,races.),O
670,The,O
670,study,O
670,re-ran,O
670,the,O
670,math,O
670,on,O
670,the,O
670,2004,O
670,"election,",O
670,wondering,O
670,if,B-E
670,the,I-E
670,outcome,I-E
670,would,I-E
670,have,I-E
670,been,I-E
670,different,I-E
670,if,B-C
670,there,I-C
670,was,I-C
670,no,I-C
670,mortality,I-C
670,gap.,I-C
1078,If,B-E
1078,aid,I-E
1078,"helped,",I-E
1078,they,O
1078,"say,",O
1078,the,B-C
1078,poorest,I-C
1078,countries,I-C
1078,would,I-C
1078,have,I-C
1078,been,I-C
1078,getting,I-C
1078,steadily,I-C
1078,richer,I-C
1078,for,I-C
1078,"decades,",I-C
1078,which,I-C
1078,they,I-C
1078,have,I-C
1078,not,I-C
1078,(see,I-C
1078,right-hand,I-C
1078,chart).,I-C
1407,Where,B-E
1407,would,I-E
1407,we,I-E
1407,be,I-E
1407,if,B-C
1407,the,I-C
1407,Boston,I-C
1407,Globe,I-C
1407,had,I-C
1407,not,I-C
1407,broken,I-C
1407,the,I-C
1407,case,I-C
1407,of,I-C
1407,the,I-C
1407,Catholic,I-C
1407,Priests,I-C
1407,or,I-C
1407,in,I-C
1407,the,I-C
1407,latest,I-C
1407,case,I-C
1407,of,I-C
1407,Dr.,I-C
1407,"Nassar,",I-C
1407,the,I-C
1407,fearless,I-C
1407,work,I-C
1407,of,I-C
1407,the,I-C
1407,IndiStar.,I-C
929,Chairman,O
929,Lampert,O
929,took,O
929,the,O
929,blame,O
929,for,O
929,the,O
929,first-quarter,O
929,weakness,O
929,during,O
929,the,O
929,annual,O
929,shareholder,O
929,meeting,O
929,--,O
929,on,O
929,the,O
929,same,O
929,day,O
929,the,O
929,retailer's,O
929,stock,O
929,fell,O
929,almost,O
929,10,O
929,percent,O
929,--,O
929,even,O
929,as,O
929,other,B-E
929,companies,I-E
929,have,I-E
929,said,I-E
929,their,I-E
929,results,I-E
929,would,I-E
929,have,I-E
929,been,I-E
929,better,I-E
929,were,B-C
929,it,I-C
929,not,I-C
929,for,I-C
929,bad,I-C
929,"weather,",I-C
929,high,I-C
929,unemployment,I-C
929,and,I-C
929,the,I-C
929,housing,I-C
929,slump.,I-C
2892,In,O
2892,"fact,",O
2892,if,B-C
2892,Rosa,I-C
2892,Parks,I-C
2892,and,I-C
2892,Mother,I-C
2892,Teresa,I-C
2892,had,I-C
2892,only,I-C
2892,considered,I-C
2892,"themselves,",I-C
2892,we,B-E
2892,may,I-E
2892,not,I-E
2892,even,I-E
2892,know,I-E
2892,their,I-E
2892,names.,I-E
528,The,B-E
528,difficulties,I-E
528,could,I-E
528,be,I-E
528,seen,I-E
528,as,I-E
528,Dubai-,I-E
528,specific,I-E
528,and,I-E
528,would,I-E
528,also,I-E
528,have,I-E
528,arisen,I-E
528,if,B-C
528,the,I-C
528,bonds,I-C
528,in,I-C
528,question,I-C
528,had,I-C
528,been,I-C
528,"conventional,",I-C
528,non-Islamic,I-C
528,"ones,",I-C
528,he,O
528,says.,O
2107,In,O
2107,February,O
2107,police,O
2107,chiefs,O
2107,in,O
2107,"Austria,",O
2107,"Croatia,",O
2107,"Macedonia,",O
2107,Serbia,O
2107,and,O
2107,Slovenia,O
2107,signed,O
2107,a,O
2107,joint,O
2107,statement,O
2107,saying,O
2107,that,O
2107,if,B-C
2107,Afghan,I-C
2107,asylum-seekers,I-C
2107,had,I-C
2107,lived,I-C
2107,in,I-C
2107,a,I-C
2107,third,I-C
2107,"country,",I-C
2107,such,O
2107,as,O
2107,Iran,O
2107,or,O
2107,"Turkey,",O
2107,their,B-E
2107,claim,I-E
2107,would,I-E
2107,not,I-E
2107,be,I-E
2107,validdespite,I-E
2107,the,O
2107,fact,O
2107,that,O
2107,screening,O
2107,refugees,O
2107,based,O
2107,on,O
2107,nationality,O
2107,alone,O
2107,shows,O
2107,blatant,O
2107,disregard,O
2107,for,O
2107,the,O
2107,Geneva,O
2107,"Conventions,",O
2107,says,O
2107,Claire,O
2107,Rimmer,O
2107,Quaid,O
2107,of,O
2107,the,O
2107,European,O
2107,Council,O
2107,of,O
2107,Refugees,O
2107,and,O
2107,"Exiles,",O
2107,an,O
2107,alliance,O
2107,of,O
2107,90,O
2107,NGOs.,O
1375,If,B-C
1375,they,I-C
1375,were,I-C
1375,afraid,I-C
1375,of,I-C
1375,"needles,",I-C
1375,or,I-C
1375,just,I-C
1375,the,I-C
1375,thought,I-C
1375,of,I-C
1375,the,I-C
1375,approaching,I-C
1375,surgery,I-C
1375,makes,I-C
1375,them,I-C
1375,"upset,",I-C
1375,then,O
1375,it,B-E
1375,would,I-E
1375,have,I-E
1375,been,I-E
1375,better,I-E
1375,for,I-E
1375,them,I-E
1375,to,I-E
1375,be,I-E
1375,asleep,I-E
1375,for,I-E
1375,the,I-E
1375,procedure.,I-E
93,"Frankly,",O
93,fans,B-E
93,likely,I-E
93,would,I-E
93,not,I-E
93,have,I-E
93,reacted,I-E
93,with,I-E
93,such,I-E
93,outrage,I-E
93,had,B-C
93,the,I-C
93,season,I-C
93,progressed,I-C
93,all,I-C
93,along,I-C
93,as,I-C
93,it,I-C
93,had,I-C
93,been.,I-C
1717,Even,B-C
1717,if,I-C
1717,the,I-C
1717,538,I-C
1717,electors,I-C
1717,were,I-C
1717,somehow,I-C
1717,men,I-C
1717,and,I-C
1717,women,I-C
1717,of,I-C
1717,profound,I-C
1717,virtue,I-C
1717,and,I-C
1717,"valour,",I-C
1717,blessed,I-C
1717,with,I-C
1717,a,I-C
1717,deep,I-C
1717,understanding,I-C
1717,of,I-C
1717,what,I-C
1717,America,I-C
1717,needs,I-C
1717,in,I-C
1717,a,I-C
1717,"president,",I-C
1717,it,B-E
1717,would,I-E
1717,still,I-E
1717,be,I-E
1717,antithetical,I-E
1717,to,I-E
1717,democratic,I-E
1717,principles,I-E
1717,to,I-E
1717,untether,I-E
1717,their,I-E
1717,vote,I-E
1717,from,I-E
1717,the,I-E
1717,results,I-E
1717,of,I-E
1717,the,I-E
1717,actual,I-E
1717,vote,I-E
1717,on,I-E
1717,election,I-E
1717,day.,I-E
1731,"""If",O
1731,a,I-C
1731,deal,I-C
1731,had,I-C
1731,been,I-C
1731,reached,I-C
1731,it,B-E
1731,would,I-E
1731,have,I-E
1731,been,I-E
1731,a,I-E
1731,plus,I-E
1731,(for,I-E
1731,"ANZ).""",I-E
192,If,B-C
192,you,I-C
192,had,I-C
192,not,I-C
192,supported,I-C
192,"him,",I-C
192,if,I-C
192,we,I-C
192,had,I-C
192,"said,",I-C
192,no,I-C
192,to,I-C
192,Arlen,I-C
192,"Specter,",I-C
192,we,B-E
192,would,I-E
192,not,I-E
192,have,I-E
192,Obama,I-E
192,Care.,I-E
63,I,B-E
63,can,I-E
63,build,I-E
63,more,I-E
63,trust,I-E
63,than,O
63,if,B-C
63,I,I-C
63,didn't,I-C
63,make,I-C
63,a,I-C
63,mistake,I-C
63,in,I-C
63,the,I-C
63,first,I-C
63,place.,I-C
1961,But,O
1961,how,O
1961,big,O
1961,a,O
1961,story,O
1961,should,O
1961,it,O
1961,be?,O
1961,To,O
1961,answer,O
1961,"that,",O
1961,you,O
1961,need,O
1961,to,O
1961,know,O
1961,how,O
1961,many,O
1961,people,O
1961,actually,O
1961,fit,O
1961,these,O
1961,descriptions-and,O
1961,what,B-E
1961,might,I-E
1961,have,I-E
1961,happened,I-E
1961,to,I-E
1961,these,I-E
1961,people,I-E
1961,if,B-C
1961,the,I-C
1961,Affordable,I-C
1961,Care,I-C
1961,Act,I-C
1961,had,I-C
1961,never,I-C
1961,become,I-C
1961,law.,I-C
2563,"""If",O
2563,there,I-C
2563,were,I-C
2563,"successful,",I-C
2563,long-term,I-C
2563,weight,I-C
2563,losers,I-C
2563,on,I-C
2563,the,I-C
2563,Atkins,I-C
2563,diet,I-C
2563,out,I-C
2563,"there,",I-C
2563,we,B-E
2563,would,I-E
2563,have,I-E
2563,found,I-E
2563,"them,""",I-E
2563,Wyatt,O
2563,tells,O
2563,"WebMD,",O
2563,noting,O
2563,that,O
2563,she,O
2563,found,O
2563,very,O
2563,few,O
2563,Atkins,O
2563,dieters,O
2563,among,O
2563,the,O
2563,group.,O
1094,Carlson's,B-E
1094,returns,I-E
1094,would,I-E
1094,have,I-E
1094,been,I-E
1094,higher,I-E
1094,if,B-C
1094,not,I-C
1094,for,I-C
1094,the,I-C
1094,fourth,I-C
1094,quarter,I-C
1094,of,I-C
1094,"2018,",I-C
1094,when,I-C
1094,many,I-C
1094,hedge,I-C
1094,funds',I-C
1094,gains,I-C
1094,for,I-C
1094,the,I-C
1094,year,I-C
1094,were,I-C
1094,wiped,I-C
1094,out,I-C
1094,by,I-C
1094,market,I-C
1094,volatility.,I-C
1962,Had,B-C
1962,he,I-C
1962,really,I-C
1962,wanted,I-C
1962,to,I-C
1962,stay,I-C
1962,in,I-C
1962,the,I-C
1962,Kremlin,I-C
1962,he,B-E
1962,could,I-E
1962,have,I-E
1962,remained,I-E
1962,president.,I-E
2187,If,B-C
2187,Arnold,I-C
2187,could,I-C
2187,have,I-C
2187,asked,I-C
2187,Stanford,I-C
2187,medical,I-C
2187,ethicist,I-C
2187,David,I-C
2187,"Magnus,",I-C
2187,he,B-E
2187,could,I-E
2187,have,I-E
2187,explained,I-E
2187,what,I-E
2187,assisted,I-E
2187,suicide,I-E
2187,is,I-E
2187,-,I-E
2187,and,I-E
2187,what,I-E
2187,it,I-E
2187,isn't.,I-E
2484,The,B-E
2484,ad,I-E
2484,probably,I-E
2484,would,I-E
2484,have,I-E
2484,been,I-E
2484,more,I-E
2484,effective,I-E
2484,if,B-C
2484,they,I-C
2484,didn't,I-C
2484,repeat,I-C
2484,the,I-C
2484,Republican,I-C
2484,charges,I-C
2484,at,I-C
2484,the,I-C
2484,beginning:,I-C
2484,When,O
2484,the,O
2484,narrator,O
2484,says,O
2484,"""There",O
2484,was,O
2484,never,O
2484,a,O
2484,Justice,O
2484,Department,O
2484,"investigation,""",O
2484,it,O
2484,does,O
2484,help,O
2484,keep,O
2484,the,O
2484,negative,O
2484,story,O
2484,out,O
2484,there,O
2484,when,O
2484,trying,O
2484,to,O
2484,counter,O
2484,it.,O
1195,Although,O
1195,the,O
1195,absolute,O
1195,risk,O
1195,of,O
1195,having,O
1195,a,O
1195,baby,O
1195,affected,O
1195,by,O
1195,an,O
1195,NTD,O
1195,is,O
1195,quite,O
1195,"low,",O
1195,the,O
1195,results,O
1195,suggest,O
1195,it,B-E
1195,could,I-E
1195,have,I-E
1195,been,I-E
1195,around,I-E
1195,21%,I-E
1195,lower,I-E
1195,since,I-E
1195,1998,I-E
1195,if,B-C
1195,compulsory,I-C
1195,flour,I-C
1195,fortification,I-C
1195,had,I-C
1195,been,I-C
1195,introduced.,I-C
1711,Joe,O
1711,"Torsella,",O
1711,Pennsylvania,O
1711,state,O
1711,"treasurer,",O
1711,said,O
1711,both,O
1711,funds,O
1711,could,B-E
1711,have,I-E
1711,achieved,I-E
1711,better,I-E
1711,returns,I-E
1711,for,I-E
1711,lower,I-E
1711,cost,I-E
1711,if,B-C
1711,they,I-C
1711,had,I-C
1711,followed,I-C
1711,a,I-C
1711,simple,I-C
1711,passive,I-C
1711,index-tracking,I-C
1711,strategy,I-C
1711,instead,I-C
1711,of,I-C
1711,employing,I-C
1711,active,I-C
1711,fund,I-C
1711,managers.,I-C
2806,"""I'm",O
2806,not,I-E
2806,exactly,I-E
2806,sure,I-E
2806,what,I-E
2806,he,I-E
2806,would,I-E
2806,have,I-E
2806,done,I-E
2806,if,B-C
2806,he,I-C
2806,saw,I-C
2806,"him,""",I-C
2806,she,O
2806,said.,O
2578,"""As",O
2578,the,O
2578,medical,O
2578,axiom,O
2578,"goes,",O
2578,the,B-E
2578,man,I-E
2578,was,I-E
2578,to,I-E
2578,die,I-E
2578,"with,",I-E
2578,not,I-E
2578,"of,",I-E
2578,prostate,I-E
2578,cancer,I-E
2578,-,O
2578,assuming,B-C
2578,that,I-C
2578,he,I-C
2578,had,I-C
2578,"it.""",I-C
2665,So,O
2665,what:,O
2665,Quarterly,B-E
2665,revenue,I-E
2665,declined,I-E
2665,2.8%,I-E
2665,year,I-E
2665,over,I-E
2665,year,I-E
2665,to,I-E
2665,$782,I-E
2665,"million,",I-E
2665,but,I-E
2665,would,I-E
2665,have,I-E
2665,risen,I-E
2665,4.4%,I-E
2665,had,B-C
2665,it,I-C
2665,not,I-C
2665,been,I-C
2665,for,I-C
2665,the,I-C
2665,negative,I-C
2665,effects,I-C
2665,of,I-C
2665,foreign,I-C
2665,currency,I-C
2665,exchange.,I-C
2362,"""If",O
2362,I,I-C
2362,could,I-C
2362,wave,I-C
2362,a,I-C
2362,magic,I-C
2362,wand,I-C
2362,and,I-C
2362,change,I-C
2362,(the,I-C
2362,start),I-C
2362,from,I-C
2362,2014,I-C
2362,to,I-C
2362,"2015,",I-C
2362,I,B-E
2362,"would,""",I-E
2362,said,O
2362,Sandy,O
2362,"Praeger,",O
2362,Kansas',O
2362,elected,O
2362,insurance,O
2362,"commissioner,",O
2362,whose,O
2362,plan,O
2362,for,O
2362,a,O
2362,state,O
2362,partnership,O
2362,exchange,O
2362,was,O
2362,rejected,O
2362,by,O
2362,Gov.,O
2362,Sam,O
2362,Brownback.,O
650,But,O
650,if,B-C
650,you,I-C
650,actually,I-C
650,took,I-C
650,out,I-C
650,"activewear,",I-C
650,the,B-E
650,impact,I-E
650,that,I-E
650,that,I-E
650,would,I-E
650,have,I-E
650,had,I-E
650,on,I-E
650,the,I-E
650,"measurement,",I-E
650,it,I-E
650,would,I-E
650,have,I-E
650,declined,I-E
650,by,I-E
650,2%.,I-E
565,"""The",O
565,horror,O
565,is,O
565,that,O
565,we,B-E
565,could,I-E
565,have,I-E
565,prevented,I-E
565,these,I-E
565,injuries,I-E
565,and,I-E
565,even,I-E
565,the,I-E
565,deaths,I-E
565,if,B-C
565,the,I-C
565,companies,I-C
565,had,I-C
565,reported,I-C
565,the,I-C
565,"incidents,""",I-C
565,Brown,O
565,said,O
565,today,O
565,at,O
565,a,O
565,press,O
565,conference.,O
416,Perhaps,B-C
416,if,I-C
416,Mourdoukoutas,I-C
416,had,I-C
416,suggested,I-C
416,Barnes,I-C
416,&,I-C
416,Noble,I-C
416,it,B-E
416,might,I-E
416,have,I-E
416,had,I-E
416,a,I-E
416,slim,I-E
416,chance,I-E
416,(but,O
416,not,O
416,really).,O
2679,If,B-C
2679,Kepler,I-C
2679,had,I-C
2679,kept,I-C
2679,running,I-C
2679,for,I-C
2679,eight,I-C
2679,"years,",I-C
2679,the,B-E
2679,estimate,I-E
2679,is,I-E
2679,that,I-E
2679,we,I-E
2679,may,I-E
2679,well,I-E
2679,have,I-E
2679,been,I-E
2679,able,I-E
2679,to,I-E
2679,see,I-E
2679,us.,I-E
1488,Imagine,O
1488,what,B-E
1488,could,I-E
1488,have,I-E
1488,been,I-E
1488,if,B-C
1488,Americans,I-C
1488,had,I-C
1488,realized,I-C
1488,they,I-C
1488,had,I-C
1488,something,I-C
1488,to,I-C
1488,vote,I-C
1488,for.,I-C
564,This,B-E
564,is,I-E
564,the,I-E
564,same,I-E
564,wireless,I-E
564,router,I-E
564,that,I-E
564,would,I-E
564,have,I-E
564,cost,I-E
564,just,I-E
564,$59.99,I-E
564,outright,I-E
564,had,B-C
564,I,I-C
564,purchased,I-C
564,it,I-C
564,at,I-C
564,Wal-Mart,I-C
564,or,O
564,$45.99,O
564,plus,O
564,shipping,O
564,using,O
564,Froogle,O
564,to,O
564,find,O
564,an,O
564,online,O
564,bargain.,O
767,If,B-C
767,male,I-C
767,politicians,I-C
767,could,I-C
767,get,I-C
767,"pregnant,",I-C
767,there,B-E
767,would,I-E
767,be,I-E
767,as,I-E
767,many,I-E
767,Planned,I-E
767,Parenthood,I-E
767,clinics,I-E
767,as,I-E
767,there,I-E
767,are,I-E
767,Post,I-E
767,Offices.,I-E
298,Had,B-C
298,Mr,I-C
298,Trump,I-C
298,elected,I-C
298,to,I-C
298,stay,I-C
298,in,I-C
298,"Paris,",I-C
298,but,I-C
298,still,I-C
298,dismantled,I-C
298,those,I-C
298,putative,I-C
298,curbs,I-C
298,on,I-C
298,burning,I-C
298,"coal,",I-C
298,America,B-E
298,might,I-E
298,have,I-E
298,met,I-E
298,its,I-E
298,target,I-E
298,anyway.,I-E
2930,If,B-C
2930,they,I-C
2930,did,I-C
2930,we'd,B-E
2930,have,I-E
2930,a,I-E
2930,public,I-E
2930,"option,",I-E
2930,the,I-E
2930,Bush,I-E
2930,tax,I-E
2930,cuts,I-E
2930,for,I-E
2930,the,I-E
2930,wealthy,I-E
2930,would,I-E
2930,have,I-E
2930,"ended,",I-E
2930,and,I-E
2930,Congress,I-E
2930,and,I-E
2930,the,I-E
2930,White,I-E
2930,House,I-E
2930,would,I-E
2930,be,I-E
2930,spending,I-E
2930,every,I-E
2930,waking,I-E
2930,minute,I-E
2930,on,I-E
2930,figuring,I-E
2930,out,I-E
2930,how,I-E
2930,to,I-E
2930,create,I-E
2930,jobs.,I-E
2674,"""If",O
2674,the,I-C
2674,drug,I-C
2674,wasn't,I-C
2674,doing,I-C
2674,"anything,",I-C
2674,there,B-E
2674,should,I-E
2674,have,I-E
2674,been,I-E
2674,no,I-E
2674,difference,I-E
2674,in,I-E
2674,the,I-E
2674,number,I-E
2674,of,I-E
2674,relapses,I-E
2674,between,I-E
2674,the,I-E
2674,two,I-E
2674,"groups,""",I-E
2674,Hough,O
2674,says.,O
1607,Burke,O
1607,says,O
1607,she,O
1607,wants,O
1607,to,O
1607,use,O
1607,the,O
1607,best,O
1607,"ideas,",O
1607,and,O
1607,if,B-C
1607,Walker,I-C
1607,had,I-C
1607,done,I-C
1607,the,I-C
1607,same,I-C
1607,thing,I-C
1607,they,B-E
1607,wouldn't,I-E
1607,be,I-E
1607,in,I-E
1607,this,I-E
1607,mess.,I-E
1025,Democrats,B-E
1025,would,I-E
1025,never,I-E
1025,have,I-E
1025,targeted,I-E
1025,this,I-E
1025,district,I-E
1025,if,B-C
1025,Michael,I-C
1025,Skelly,I-C
1025,had,I-C
1025,not,I-C
1025,shown,I-C
1025,up,I-C
1025,out,I-C
1025,of,I-C
1025,the,I-C
1025,"blue,",I-C
1025,with,O
1025,a,O
1025,personal,O
1025,fortune,O
1025,of,O
1025,millions,O
1025,of,O
1025,dollars,O
1025,and,O
1025,phenomenally,O
1025,prodigious,O
1025,fundraising,O
1025,skills.,O
554,If,B-C
554,his,I-C
554,show,I-C
554,had,I-C
554,become,I-C
554,an,I-C
554,audio,I-C
554,and,I-C
554,video,I-C
554,offering,I-C
554,on,I-C
554,that,I-C
554,company's,I-C
554,streaming,I-C
554,"services,",I-C
554,then,O
554,many,B-E
554,Stern,I-E
554,fans,I-E
554,would,I-E
554,be,I-E
554,faced,I-E
554,with,I-E
554,shelling,I-E
554,out,I-E
554,money,I-E
554,to,I-E
554,follow,I-E
554,their,I-E
554,hero.,I-E
0,I,B-E
0,don't,I-E
0,think,I-E
0,any,I-E
0,of,I-E
0,us---even,I-E
0,economic,I-E
0,gurus,I-E
0,like,I-E
0,Paul,I-E
0,"Krugman---really,",I-E
0,truly,I-E
0,understand,I-E
0,just,I-E
0,how,I-E
0,bad,I-E
0,it,I-E
0,could've,I-E
0,gotten,I-E
0,"""on",I-E
0,Main,I-E
0,"Street""",I-E
0,if,B-C
0,the,I-C
0,stimulus,I-C
0,bill,I-C
0,had,I-C
0,become,I-C
0,hamstrung,I-C
0,by,I-C
0,a,I-C
0,filibuster,I-C
0,threat,I-C
0,or,I-C
0,recalcitrant,I-C
0,"conservadems,",I-C
0,the,O
0,way,O
0,so,O
0,much,O
0,of,O
0,our,O
0,legislation,O
0,has,O
0,since.,O
2332,The,O
2332,doctor,O
2332,said,O
2332,if,B-C
2332,we,I-C
2332,didn't,I-C
2332,catch,I-C
2332,the,I-C
2332,cancer,I-C
2332,"early,",I-C
2332,you,B-E
2332,would,I-E
2332,have,I-E
2332,been,I-E
2332,dead,I-E
2332,by,I-E
2332,summer.,I-E
949,This,B-E
949,is,I-E
949,not,I-E
949,to,I-E
949,say,I-E
949,that,I-E
949,Loughner,I-E
949,would,I-E
949,not,I-E
949,have,I-E
949,gone,I-E
949,on,I-E
949,a,I-E
949,shooting,I-E
949,rampage,I-E
949,if,B-C
949,those,I-C
949,services,I-C
949,hadn't,I-C
949,been,I-C
949,cut--there's,I-C
949,no,O
949,indication,O
949,that,O
949,he,O
949,had,O
949,sought,O
949,out,O
949,"treatment,",O
949,or,O
949,that,O
949,anyone,O
949,near,O
949,him,O
949,tried,O
949,to,O
949,get,O
949,it,O
949,on,O
949,his,O
949,behalf.,O
2647,None,B-E
2647,of,I-E
2647,this,I-E
2647,would,I-E
2647,have,I-E
2647,been,I-E
2647,possible,I-E
2647,without,B-C
2647,a,I-C
2647,growing,I-C
2647,movement,I-C
2647,of,I-C
2647,people,I-C
2647,willing,I-C
2647,to,I-C
2647,get,I-C
2647,out,I-C
2647,of,I-C
2647,their,I-C
2647,cars,I-C
2647,and,I-C
2647,brave,I-C
2647,these,I-C
2647,roads,I-C
2647,that,O
2647,were,O
2647,built,O
2647,and,O
2647,designed,O
2647,around,O
2647,the,O
2647,automobile.,O
102,Had,B-C
102,the,I-C
102,federal,I-C
102,government,I-C
102,shut,I-C
102,"down,",I-C
102,Washington's,B-E
102,city,I-E
102,government,I-E
102,would,I-E
102,have,I-E
102,had,I-E
102,to,I-E
102,pull,I-E
102,down,I-E
102,the,I-E
102,shutters,I-E
102,as,I-E
102,"well,",I-E
102,since,I-E
102,it,I-E
102,is,I-E
102,merely,I-E
102,an,I-E
102,appendage,I-E
102,of,I-E
102,"Congress,",I-E
102,financially,I-E
102,speaking.,I-E
1907,But,B-E
1907,in,I-E
1907,his,I-E
1907,"case,",I-E
1907,the,I-E
1907,culprit,I-E
1907,was,I-E
1907,"rhabdomyolysis,",I-E
1907,a,I-E
1907,potentially,I-E
1907,fatal,I-E
1907,muscle,I-E
1907,syndrome,I-E
1907,that,I-E
1907,might,I-E
1907,have,I-E
1907,led,I-E
1907,to,I-E
1907,kidney,I-E
1907,failure,I-E
1907,if,B-C
1907,it,I-C
1907,hadn't,I-C
1907,been,I-C
1907,caught.,I-C
478,Had,B-C
478,Mrs,I-C
478,Clinton,I-C
478,roused,I-C
478,Mr,I-C
478,Obamas,I-C
478,coalition,I-C
478,of,I-C
478,"non-whites,",I-C
478,the,I-C
478,young,I-C
478,and,I-C
478,well-educated,I-C
478,she,B-E
478,would,I-E
478,have,I-E
478,won.,I-E
2384,We,O
2384,have,O
2384,been,O
2384,fulfilling,O
2384,our,O
2384,role,O
2384,"there.""",O
2384,ON,O
2384,STEPPING,O
2384,UP,O
2384,BOND,O
2384,PURCHASES,O
2384,"""That",O
2384,is,O
2384,a,O
2384,matter,O
2384,for,O
2384,further,O
2384,"consideration,",O
2384,but,O
2384,as,O
2384,you,O
2384,know,O
2384,we,O
2384,don't,O
2384,precommit,O
2384,or,O
2384,even,O
2384,announce,O
2384,the,O
2384,type,O
2384,of,O
2384,policy,O
2384,that,O
2384,we,O
2384,pursue,O
2384,with,O
2384,the,O
2384,Securities,O
2384,Market,O
2384,"Programme.""",O
2384,"""You",O
2384,only,O
2384,have,O
2384,after,O
2384,each,O
2384,week,O
2384,the,O
2384,total,O
2384,amount,O
2384,that,O
2384,has,O
2384,been,O
2384,"used,",O
2384,as,O
2384,you,O
2384,have,O
2384,seen,O
2384,that,O
2384,is,O
2384,according,O
2384,to,O
2384,developments,O
2384,in,O
2384,the,O
2384,"market,",O
2384,in,O
2384,particular,O
2384,in,O
2384,passing,O
2384,a,O
2384,judgment,O
2384,on,O
2384,whether,O
2384,such,O
2384,developments,O
2384,can,O
2384,have,O
2384,some,O
2384,economic,O
2384,justification,O
2384,in,O
2384,the,O
2384,fundamentals,O
2384,of,O
2384,the,O
2384,economy,O
2384,or,O
2384,"not.""",O
2384,"""The",O
2384,program,O
2384,is,O
2384,still,O
2384,there,O
2384,and,O
2384,you,O
2384,have,O
2384,seen,O
2384,that,O
2384,in,O
2384,the,O
2384,more,O
2384,recent,O
2384,weeks,O
2384,in,O
2384,view,O
2384,of,O
2384,developments,O
2384,we,O
2384,have,O
2384,used,O
2384,a,O
2384,little,O
2384,bit,O
2384,more,O
2384,than,O
2384,in,O
2384,recent,O
2384,"months.""",O
2384,ON,O
2384,GREECE,O
2384,"""There",O
2384,are,O
2384,two,O
2384,elements,O
2384,there,O
2384,(Greece)...in,O
2384,the,O
2384,first,O
2384,place,O
2384,the,O
2384,results,O
2384,for,O
2384,this,O
2384,year,O
2384,are,O
2384,in,O
2384,big,O
2384,part,O
2384,the,O
2384,result,O
2384,of,O
2384,the,O
2384,fact,O
2384,that,O
2384,the,O
2384,deficit,O
2384,of,O
2384,2009,O
2384,has,O
2384,been,O
2384,revised,O
2384,"up.""",O
2384,"""It",O
2384,is,O
2384,an,O
2384,automatic,O
2384,result,O
2384,that,O
2384,this,O
2384,makes,O
2384,it,O
2384,more,O
2384,difficult,O
2384,to,O
2384,achieve,O
2384,the,O
2384,target,O
2384,that,O
2384,was,O
2384,fixed,O
2384,when,O
2384,the,O
2384,deficit,O
2384,for,O
2384,2009,O
2384,was,O
2384,thought,O
2384,to,O
2384,be,O
2384,"low.""",O
2384,"""Even",O
2384,if,B-C
2384,the,I-C
2384,policies,I-C
2384,had,I-C
2384,been,I-C
2384,totally,I-C
2384,in,I-C
2384,line,I-C
2384,with,I-C
2384,what,I-C
2384,was,I-C
2384,foreseen,I-C
2384,"initially,",I-C
2384,in,O
2384,the,O
2384,end,O
2384,the,B-E
2384,deficit,I-E
2384,would,I-E
2384,be,I-E
2384,higher,I-E
2384,because,O
2384,the,O
2384,starting,O
2384,point,O
2384,was,O
2384,worse,O
2384,than,O
2384,was,O
2384,known,O
2384,at,O
2384,the,O
2384,"time...""",O
2384,"""What",O
2384,is,O
2384,"essential,",O
2384,and,O
2384,we,O
2384,are,O
2384,really,O
2384,expecting,O
2384,that,O
2384,Greece,O
2384,will,O
2384,"comply,",O
2384,is,O
2384,for,O
2384,them,O
2384,to,O
2384,maintain,O
2384,the,O
2384,same,O
2384,target,O
2384,for,O
2384,next,O
2384,"year,",O
2384,which,O
2384,may,O
2384,involve,O
2384,certainly,O
2384,new,O
2384,policies,O
2384,that,O
2384,were,O
2384,not,O
2384,perhaps,O
2384,contemplated,O
2384,"before.""",O
2384,"""In",O
2384,spite,O
2384,of,O
2384,what,O
2384,happened,O
2384,this,O
2384,"year,",O
2384,the,O
2384,target,O
2384,for,O
2384,next,O
2384,year,O
2384,should,O
2384,be,O
2384,kept.,O
1286,"Now,",O
1286,had,B-C
1286,I,I-C
1286,had,I-C
1286,technology,I-C
1286,at,I-C
1286,my,I-C
1286,disposal,I-C
1286,I,B-E
1286,could,I-E
1286,have,I-E
1286,had,I-E
1286,contact,I-E
1286,with,I-E
1286,people,I-E
1286,"online,",I-E
1286,"globally,",I-E
1286,thus,I-E
1286,conserving,I-E
1286,energy,I-E
1286,for,I-E
1286,the,I-E
1286,next,I-E
1286,day's,I-E
1286,work,I-E
1286,demands,I-E
1286,while,I-E
1286,still,I-E
1286,keeping,I-E
1286,connected,I-E
1286,virtually.,I-E
144,I,B-C
144,am,I-C
144,certain,I-C
144,that,I-C
144,had,I-C
144,he,I-C
144,been,I-C
144,provided,I-C
144,actual,I-C
144,hand-on,I-C
144,simulator,I-C
144,training,I-C
144,in,I-C
144,water,I-C
144,"landings,",I-C
144,he,B-E
144,would,I-E
144,have,I-E
144,been,I-E
144,able,I-E
144,to,I-E
144,slip,I-E
144,his,I-E
144,airliner,I-E
144,gently,I-E
144,into,I-E
144,the,I-E
144,Hudson,I-E
144,with,I-E
144,no,I-E
144,damage.,I-E
555,Had,B-C
555,GM,I-C
555,and,I-C
555,Chrysler,I-C
555,failed,I-C
555,"altogether,",I-C
555,the,B-E
555,result,I-E
555,could,I-E
555,have,I-E
555,been,I-E
555,4.1,I-E
555,million,I-E
555,jobs,I-E
555,lost,I-E
555,across,I-E
555,the,I-E
555,U.S.,I-E
2451,If,B-C
2451,you,I-C
2451,had,I-C
2451,told,I-C
2451,me,I-C
2451,five,I-C
2451,years,I-C
2451,ago,I-C
2451,that,I-C
2451,I'd,I-C
2451,be,I-C
2451,investing,I-C
2451,in,I-C
2451,Microsoft,I-C
2451,"today,",I-C
2451,I,B-E
2451,probably,I-E
2451,would,I-E
2451,have,I-E
2451,cranked,I-E
2451,up,I-E
2451,my,I-E
2451,iPod,I-E
2451,and,I-E
2451,chuckled,I-E
2451,as,I-E
2451,I,I-E
2451,walked,I-E
2451,away.,I-E
14,Even,O
14,if,O
14,most,O
14,buyers,O
14,of,O
14,suburban,O
14,homes,O
14,can,O
14,afford,O
14,a,O
14,mortgage,O
14,payment,O
14,with,O
14,a,O
14,bank,O
14,account,O
14,that,O
14,they,O
14,have,O
14,that,O
14,contains,O
14,billions,O
14,of,O
14,dollars,O
14,that,O
14,they,O
14,can't,O
14,immediately,O
14,"access,",O
14,at,O
14,least,O
14,30,O
14,percent,O
14,of,O
14,the,O
14,value,O
14,of,O
14,a,O
14,home,O
14,is,O
14,often,O
14,required,O
14,up,O
14,"front,",O
14,and,O
14,as,O
14,such,O
14,they,B-E
14,could,I-E
14,have,I-E
14,trouble,I-E
14,buying,I-E
14,even,B-C
14,with,I-C
14,a,I-C
14,ridiculous,I-C
14,amount,I-C
14,of,I-C
14,money.,I-C
2309,Termeer,O
2309,had,O
2309,hoped,O
2309,to,O
2309,keep,O
2309,Genzyme,O
2309,"independent,",O
2309,fearing,O
2309,its,B-E
2309,patient-focused,I-E
2309,approach,I-E
2309,would,I-E
2309,be,I-E
2309,stifled,I-E
2309,for,O
2309,the,O
2309,reason,O
2309,that,O
2309,if,B-C
2309,it,I-C
2309,were,I-C
2309,acquired,I-C
2309,by,I-C
2309,a,I-C
2309,large,I-C
2309,pharmaceutical,I-C
2309,company.,I-C
1161,But,B-C
1161,even,I-C
1161,if,I-C
1161,Republicans,I-C
1161,had,I-C
1161,wanted,I-C
1161,to,I-C
1161,get,I-C
1161,rid,I-C
1161,of,I-C
1161,those,I-C
1161,"provisions,",I-C
1161,they,B-E
1161,likely,I-E
1161,could,I-E
1161,not.,I-E
700,If,B-C
700,you,I-C
700,met,I-C
700,me,I-C
700,in,I-C
700,"1992,",I-C
700,for,O
700,some,O
700,odd,O
700,"reason,",O
700,I,B-E
700,would,I-E
700,have,I-E
700,told,I-E
700,you,I-E
700,I,I-E
700,was,I-E
700,a,I-E
700,"libertarian,",I-E
700,and,I-E
700,I,I-E
700,voted,I-E
700,for,I-E
700,Ross,I-E
700,Perot.,I-E
907,And,O
907,all,O
907,of,O
907,it,O
907,has,O
907,gone,O
907,to,O
907,"large,",O
907,highly,B-E
907,rated,I-E
907,"issuers,",I-E
907,most,I-E
907,of,I-E
907,whom,I-E
907,would,I-E
907,have,I-E
907,had,I-E
907,the,I-E
907,option,I-E
907,to,I-E
907,raise,I-E
907,money,I-E
907,in,I-E
907,euros,I-E
907,or,I-E
907,dollars,I-E
907,even,O
907,if,B-C
907,the,I-C
907,sterling,I-C
907,bond,I-C
907,market,I-C
907,had,I-C
907,remained,I-C
907,closed.,I-C
2259,Is,O
2259,an,O
2259,unprofitable,O
2259,Twitter,O
2259,actually,O
2259,worth,O
2259,$10,O
2259,billion?,O
2259,I,O
2259,suppose,O
2259,it,O
2259,is,O
2259,if,O
2259,that,O
2259,is,O
2259,what,O
2259,the,O
2259,market,O
2259,is,O
2259,willing,O
2259,to,O
2259,pay,O
2259,for,O
2259,"it,",O
2259,but,O
2259,I,B-E
2259,would,I-E
2259,be,I-E
2259,a,I-E
2259,lot,I-E
2259,more,I-E
2259,confident,I-E
2259,if,B-C
2259,it,I-C
2259,had,I-C
2259,access,I-C
2259,to,I-C
2259,the,I-C
2259,largest,I-C
2259,Internet,I-C
2259,market,I-C
2259,in,I-C
2259,the,I-C
2259,world,I-C
2259,--,I-C
2259,China.,I-C
194,"""If",O
194,someone,I-C
194,had,I-C
194,heckled,I-C
194,"him,",I-C
194,I,O
194,think,O
194,they,B-E
194,would've,I-E
194,been,I-E
194,heckled,I-E
194,"out.""",I-E
1146,But,O
1146,if,B-C
1146,we,I-C
1146,"were,",I-C
1146,we'd,B-E
1146,definitely,I-E
1146,hire,I-E
1146,a,I-E
1146,"""food",I-E
1146,"sherpa""",I-E
1146,for,I-E
1146,our,I-E
1146,travels,I-E
1146,(,O
1146,http://nyti.ms/14mCink).,O
2877,If,B-C
2877,Swalwell,I-C
2877,had,I-C
2877,vacated,I-C
2877,the,I-C
2877,"15th,",I-C
2877,"Khanna,",B-E
2877,who,I-E
2877,was,I-E
2877,one,I-E
2877,of,I-E
2877,those,I-E
2877,hesitant,I-E
2877,pols,I-E
2877,who,I-E
2877,sat,I-E
2877,around,I-E
2877,hoping,I-E
2877,Stark,I-E
2877,would,I-E
2877,call,I-E
2877,it,I-E
2877,"quits,",I-E
2877,might,I-E
2877,have,I-E
2877,tried,I-E
2877,a,I-E
2877,second,I-E
2877,bid,I-E
2877,there.,I-E
1405,"""You're",O
1405,telling,O
1405,people,O
1405,what's,O
1405,"wrong.""",O
1405,Masucci,O
1405,says,O
1405,they,B-E
1405,had,I-E
1405,ended,I-E
1405,up,I-E
1405,stepping,I-E
1405,over,I-E
1405,boundaries,I-E
1405,they,B-C
1405,would,I-C
1405,have,I-C
1405,never,I-C
1405,imagined,I-C
1405,crossing.,I-C
1406,If,B-C
1406,he,I-C
1406,didn't,I-C
1406,have,I-C
1406,advanced,I-C
1406,symptoms,I-C
1406,by,I-C
1406,the,I-C
1406,time,I-C
1406,he,I-C
1406,landed,I-C
1406,in,I-C
1406,"Lagos,",I-C
1406,he,B-E
1406,could,I-E
1406,have,I-E
1406,gone,I-E
1406,on,I-E
1406,a,I-E
1406,plane,I-E
1406,and,I-E
1406,traveled,I-E
1406,to,I-E
1406,"Brussels,",I-E
1406,"Atlanta,",I-E
1406,"Beijing,",I-E
1406,or,I-E
1406,wherever,I-E
1406,his,I-E
1406,business,I-E
1406,might,I-E
1406,have,I-E
1406,taken,I-E
1406,him.,I-E
203,In,O
203,doing,O
203,"this,",O
203,we,B-E
203,see,I-E
203,a,I-E
203,picture,I-E
203,of,I-E
203,what,I-E
203,we,I-E
203,believe,I-E
203,life,I-E
203,would,I-E
203,be,I-E
203,like,I-E
203,today,I-E
203,if,B-C
203,our,I-C
203,yesterdays,I-C
203,had,I-C
203,happened,I-C
203,differently.,I-C
188,If,B-C
188,elections,I-C
188,were,I-C
188,held,I-C
188,"today,",I-C
188,polls,B-E
188,show,I-E
188,that,I-E
188,the,I-E
188,coalition,I-E
188,would,I-E
188,fall,I-E
188,short,I-E
188,of,I-E
188,a,I-E
188,majority,I-E
188,in,I-E
188,parliament.,I-E
2225,If,B-C
2225,this,I-C
2225,vital,I-C
2225,traits,I-C
2225,didn't,I-C
2225,"exist,",I-C
2225,our,B-E
2225,ancestors,I-E
2225,would,I-E
2225,not,I-E
2225,have,I-E
2225,been,I-E
2225,able,I-E
2225,to,I-E
2225,face,I-E
2225,challenges,I-E
2225,in,I-E
2225,Life,I-E
2225,and,I-E
2225,they,I-E
2225,would,I-E
2225,have,I-E
2225,perished,I-E
2225,long,I-E
2225,"ago,",I-E
2225,and,I-E
2225,you,I-E
2225,and,I-E
2225,I,I-E
2225,wont,I-E
2225,be,I-E
2225,having,I-E
2225,this,I-E
2225,conversation,I-E
2225,today.,I-E
1462,Mr.,O
1462,Giuliani,O
1462,said,O
1462,that,O
1462,following,B-E
1462,a,I-E
1462,different,I-E
1462,strategy,I-E
1462,would,I-E
1462,have,I-E
1462,come,I-E
1462,"""if",O
1462,I,I-C
1462,knew,I-C
1462,then,I-C
1462,that,I-C
1462,Mueller,I-C
1462,would,I-C
1462,not,I-C
1462,keep,I-C
1462,his,I-C
1462,"word.""",I-C
1462,But,O
1462,he,O
1462,added,O
1462,that,O
1462,Mr.,O
1462,Dowd's,O
1462,efforts,O
1462,"""put",O
1462,us,O
1462,in,O
1462,a,O
1462,good,O
1462,position,O
1462,to,O
1462,resist,O
1462,a,O
1462,subpoena,O
1462,because,O
1462,there,O
1462,is,O
1462,no,O
1462,'particularized,O
1462,need',O
1462,for,O
1462,the,O
1462,president's,O
1462,"testimony."".",O
51,Christine,O
51,Blasey,O
51,Ford,O
51,certainly,O
51,showed,O
51,that,O
51,she,O
51,could,O
51,get,O
51,her,O
51,point,O
51,across,O
51,without,O
51,stooping,O
51,to,O
51,Kavanaugh-level,O
51,"hysterics,",O
51,and,O
51,it,B-E
51,probably,I-E
51,wouldn't,I-E
51,have,I-E
51,gone,I-E
51,better,I-E
51,for,I-E
51,her,I-E
51,if,B-C
51,she'd,I-C
51,pitched,I-C
51,a,I-C
51,tantrum;,I-C
51,that,O
51,was,O
51,the,O
51,right,O
51,call.,O
2987,If,B-C
2987,my,I-C
2987,grandmother,I-C
2987,had,I-C
2987,learned,I-C
2987,to,I-C
2987,read,I-C
2987,and,I-C
2987,write,I-C
2987,in,I-C
2987,English,I-C
2987,instead,I-C
2987,of,I-C
2987,"Italian,",I-C
2987,she,B-E
2987,would,I-E
2987,be,I-E
2987,applauding,I-E
2987,the,I-E
2987,article,I-E
2987,in,I-E
2987,Nature,I-E
2987,"Neuroscience,",I-E
2987,which,I-E
2987,points,I-E
2987,out,I-E
2987,that,I-E
2987,little,I-E
2987,lies,I-E
2987,lead,I-E
2987,to,I-E
2987,more,I-E
2987,lies.,I-E
1241,"However,",O
1241,Sears,B-E
1241,Holdings,I-E
1241,could,I-E
1241,have,I-E
1241,spent,I-E
1241,far,I-E
1241,less,I-E
1241,shoring,I-E
1241,up,I-E
1241,its,I-E
1241,pension,I-E
1241,plan,I-E
1241,if,B-C
1241,it,I-C
1241,had,I-C
1241,made,I-C
1241,better,I-C
1241,financial,I-C
1241,decisions.,I-C
32,If,B-C
32,you,I-C
32,had,I-C
32,given,I-C
32,me,I-C
32,the,I-C
32,keys,I-C
32,to,I-C
32,the,I-C
32,Blockbuster,I-C
32,kingdom,I-C
32,in,I-C
32,the,I-C
32,spring,I-C
32,and,I-C
32,told,I-C
32,me,I-C
32,to,I-C
32,fix,I-C
32,what,I-C
32,was,I-C
32,wrong,I-C
32,with,I-C
32,"it,",I-C
32,I,B-E
32,would,I-E
32,have,I-E
32,done,I-E
32,many,I-E
32,of,I-E
32,the,I-E
32,things,I-E
32,Keyes,I-E
32,is,I-E
32,doing.,I-E
1538,In,B-C
1538,a,I-C
1538,normal,I-C
1538,"world,",I-C
1538,some,B-E
1538,of,I-E
1538,the,I-E
1538,oil,I-E
1538,producers,I-E
1538,who,I-E
1538,signed,I-E
1538,long-term,I-E
1538,drilling,I-E
1538,contracts,I-E
1538,in,I-E
1538,the,I-E
1538,good,I-E
1538,years,I-E
1538,would,I-E
1538,have,I-E
1538,gone,I-E
1538,bankrupt,I-E
1538,from,I-E
1538,2011,I-E
1538,"on,",I-E
1538,but,O
1538,they,O
1538,kept,O
1538,getting,O
1538,refinanced.,O
174,If,B-C
174,they,I-C
174,had,I-C
174,kept,I-C
174,their,I-C
174,spouse,I-C
174,happy,I-C
174,they,B-E
174,wouldn't,I-E
174,have,I-E
174,cheated.,I-E
527,Since,B-E
527,SSDI,I-E
527,benefits,I-E
527,are,I-E
527,based,I-E
527,on,I-E
527,your,I-E
527,work,I-E
527,"record,",I-E
527,they,I-E
527,are,I-E
527,generally,I-E
527,comparable,I-E
527,to,I-E
527,what,I-E
527,your,I-E
527,Social,I-E
527,Security,I-E
527,retirement,I-E
527,benefit,I-E
527,would,I-E
527,have,I-E
527,"been,",I-E
527,had,B-C
527,you,I-C
527,worked,I-C
527,until,I-C
527,retirement,I-C
527,age.,I-C
139,"""Our",O
139,sample,O
139,size,O
139,was,O
139,relatively,O
139,"small,",O
139,because,O
139,we,O
139,had,O
139,to,O
139,get,O
139,folks,O
139,who,O
139,gave,O
139,us,O
139,data,O
139,at,O
139,each,O
139,time,O
139,"point,",O
139,"admission,",O
139,"discharge,",O
139,6,O
139,"months,",O
139,and,O
139,12,O
139,"months,",O
139,and,O
139,who,O
139,also,O
139,did,O
139,not,O
139,have,O
139,any,O
139,intervening,O
139,"treatment,",O
139,because,O
139,if,B-C
139,someone,I-C
139,had,I-C
139,been,I-C
139,admitted,I-C
139,anywhere,I-C
139,for,I-C
139,treatment,I-C
139,during,I-C
139,the,I-C
139,12-month,I-C
139,"follow-up,",I-C
139,that,B-E
139,could,I-E
139,have,I-E
139,confounded,I-E
139,the,I-E
139,"results,""",I-E
139,said,O
139,Dr.,O
139,Miller..,O
2817,If,B-C
2817,it,I-C
2817,hadn't,I-C
2817,been,I-C
2817,for,I-C
2817,World,I-C
2817,War,I-C
2817,II,I-C
2817,and,I-C
2817,the,I-C
2817,war,I-C
2817,"effort,",I-C
2817,when,O
2817,the,O
2817,government,O
2817,"said,",O
2817,"""Hey,",O
2817,this,O
2817,is,O
2817,a,O
2817,national,O
2817,"priority,",O
2817,so,O
2817,you,O
2817,guys,O
2817,join,O
2817,forces,O
2817,and,O
2817,do,O
2817,"it,""",O
2817,we,B-E
2817,might,I-E
2817,have,I-E
2817,witnessed,I-E
2817,a,I-E
2817,case,I-E
2817,of,I-E
2817,collective,I-E
2817,industry,I-E
2817,failure.,I-E
1867,Mr.,O
1867,Trump,O
1867,has,O
1867,said,O
1867,that,O
1867,he,B-E
1867,never,I-E
1867,would,I-E
1867,have,I-E
1867,made,I-E
1867,Mr.,I-E
1867,Sessions,I-E
1867,his,I-E
1867,attorney,I-E
1867,general,I-E
1867,if,B-C
1867,he,I-C
1867,had,I-C
1867,known,I-C
1867,Mr.,I-C
1867,Sessions,I-C
1867,would,I-C
1867,recuse,I-C
1867,himself,I-C
1867,from,I-C
1867,the,I-C
1867,"inquiry,",I-C
1867,and,O
1867,that,O
1867,the,O
1867,very,O
1867,fact,O
1867,that,O
1867,Mr.,O
1867,Mueller's,O
1867,inquiry,O
1867,still,O
1867,exists,O
1867,is,O
1867,"""all",O
1867,"because""",O
1867,Mr.,O
1867,Sessions,O
1867,had,O
1867,not,O
1867,told,O
1867,him,O
1867,that,O
1867,he,O
1867,planned,O
1867,to,O
1867,step,O
1867,aside.,O
543,Of,O
543,course,O
543,you,O
543,are,O
543,going,O
543,to,O
543,miss,O
543,them,O
543,and,O
543,wonder,O
543,what,B-E
543,life,I-E
543,would,I-E
543,have,I-E
543,been,I-E
543,like,O
543,if,B-C
543,things,I-C
543,would,I-C
543,have,I-C
543,been,I-C
543,different.,I-C
781,*,O
781,It,O
781,found,O
781,that,O
781,without,B-C
781,subsidies,I-C
781,Airbus,B-E
781,would,I-E
781,not,I-E
781,have,I-E
781,had,I-E
781,the,I-E
781,market,I-E
781,share,I-E
781,it,I-E
781,did,I-E
781,in,I-E
781,2001-2006.,I-E
1483,If,B-C
1483,I'd,I-C
1483,been,I-C
1483,speaking,I-C
1483,from,I-C
1483,a,I-C
1483,place,I-C
1483,of,I-C
1483,friendship,I-C
1483,and,I-C
1483,"love,",I-C
1483,what,B-E
1483,I,I-E
1483,should,I-E
1483,have,I-E
1483,said,I-E
1483,is,I-E
1483,this:,I-E
1483,There,I-E
1483,is,I-E
1483,some,I-E
1483,uncertainty,I-E
1483,about,I-E
1483,climate,I-E
1483,change,I-E
1483,science.,I-E
2023,If,B-C
2023,those,I-C
2023,star-crossed,I-C
2023,lovers,I-C
2023,had,I-C
2023,been,I-C
2023,just,I-C
2023,10,I-C
2023,years,I-C
2023,"older,",I-C
2023,their,B-E
2023,new,I-E
2023,relationship,I-E
2023,may,I-E
2023,have,I-E
2023,been,I-E
2023,less,I-E
2023,turbulent,I-E
2023,and,I-E
2023,had,I-E
2023,a,I-E
2023,happier,I-E
2023,ending.,I-E
2920,I,O
2920,feel,O
2920,very,O
2920,used,O
2920,right,O
2920,now,O
2920,as,O
2920,I,B-E
2920,would,I-E
2920,never,I-E
2920,have,I-E
2920,stayed,I-E
2920,if,B-C
2920,he,I-C
2920,had,I-C
2920,been,I-C
2920,honest,I-C
2920,with,I-C
2920,me.,I-C
817,He,B-E
817,was,I-E
817,planning,I-E
817,in,I-E
817,running,I-E
817,in,I-E
817,the,I-E
817,special,I-E
817,election,I-E
817,which,O
817,would,O
817,have,O
817,been,O
817,necessary,O
817,had,B-C
817,KBH,I-C
817,resigned,I-C
817,to,I-C
817,run,I-C
817,for,I-C
817,governor,I-C
817,last,I-C
817,"year,",I-C
817,and,O
817,received,O
817,Jim,O
817,DeMint's,O
817,very,O
817,meaningful,O
817,endorsement,O
817,at,O
817,that,O
817,time.,O
2692,The,O
2692,layoffs,O
2692,kept,O
2692,"coming,",O
2692,and,O
2692,the,O
2692,only,O
2692,jobs,O
2692,I,O
2692,could,O
2692,find,O
2692,would,O
2692,have,O
2692,required,O
2692,a,O
2692,pay,O
2692,cut,O
2692,in,O
2692,exchange,O
2692,for,O
2692,options,B-E
2692,that,I-E
2692,might,I-E
2692,be,I-E
2692,worth,I-E
2692,something,I-E
2692,if,B-C
2692,the,I-C
2692,company,I-C
2692,did,I-C
2692,well.,I-C
764,I,O
764,"mean,",O
764,if,B-C
764,not,I-C
764,for,I-C
764,the,I-C
764,prospect,I-C
764,of,I-C
764,the,I-C
764,economy,I-C
764,continuing,I-C
764,to,I-C
764,do,I-C
764,this,I-C
764,for,I-C
764,the,I-C
764,next,I-C
764,year,I-C
764,or,I-C
764,"so,",I-C
764,Trump's,B-E
764,odds,I-E
764,of,I-E
764,winning,I-E
764,re-election,I-E
764,wouldn't,I-E
764,be,I-E
764,higher,I-E
764,than,I-E
764,I,I-E
764,previously,I-E
764,thought.,I-E
2854,Some,O
2854,critics,O
2854,have,O
2854,argued,O
2854,that,O
2854,if,B-C
2854,the,I-C
2854,president,I-C
2854,had,I-C
2854,been,I-C
2854,really,I-C
2854,serious,I-C
2854,about,I-C
2854,closing,I-C
2854,the,I-C
2854,"prison,",I-C
2854,he,B-E
2854,would,I-E
2854,have,I-E
2854,followed,I-E
2854,through,I-E
2854,on,I-E
2854,his,I-E
2854,threat,I-E
2854,to,I-E
2854,veto,I-E
2854,the,I-E
2854,National,I-E
2854,Defense,I-E
2854,Authorization,I-E
2854,Act,I-E
2854,over,I-E
2854,congressional,I-E
2854,threats,I-E
2854,to,I-E
2854,impose,I-E
2854,the,I-E
2854,tighter,I-E
2854,restrictions,I-E
2854,on,I-E
2854,transfers.,I-E
2514,"now,",O
2514,if,B-C
2514,i,I-C
2514,had,I-C
2514,sued,I-C
2514,you,I-C
2514,"unsuccessfully,",I-C
2514,it,B-E
2514,could,I-E
2514,have,I-E
2514,cost,I-E
2514,me,I-E
2514,"$50,000,",I-E
2514,which,O
2514,means,O
2514,that,O
2514,i,O
2514,basically,O
2514,saved,O
2514,"$49,800.",O
2477,You're,O
2477,not,O
2477,going,O
2477,to,O
2477,win.',O
2477,Even,O
2477,"so,",O
2477,Geithner,O
2477,"says,",O
2477,'If,O
2477,we,I-C
2477,had,I-C
2477,had,I-C
2477,the,I-C
2477,authority,I-C
2477,to,I-C
2477,prevent,I-C
2477,a,I-C
2477,system,I-C
2477,"threat,",I-C
2477,I,B-E
2477,would,I-E
2477,have,I-E
2477,been,I-E
2477,prepared,I-E
2477,to,I-E
2477,act,I-E
2477,despite,I-E
2477,the,I-E
2477,political,I-E
2477,costs.',I-E
2477,"Today,",O
2477,it,O
2477,is,O
2477,widely,O
2477,accepted,O
2477,that,O
2477,the,O
2477,failure,O
2477,of,O
2477,Lehman,O
2477,was,O
2477,indeed,O
2477,a,O
2477,disaster.,O
2481,Were,B-C
2481,it,I-C
2481,its,I-C
2481,own,I-C
2481,"company,",I-C
2481,Amazon's,B-E
2481,web,I-E
2481,services,I-E
2481,business,I-E
2481,would,I-E
2481,land,I-E
2481,in,I-E
2481,the,I-E
2481,middle,I-E
2481,of,I-E
2481,the,I-E
2481,Fortune,I-E
2481,"500,",I-E
2481,a,O
2481,global,O
2481,list,O
2481,that,O
2481,ranks,O
2481,companies,O
2481,by,O
2481,total,O
2481,revenues,O
2481,during,O
2481,their,O
2481,fiscal,O
2481,years.,O
621,Of,O
621,"course,",O
621,this,B-E
621,would,I-E
621,have,I-E
621,been,I-E
621,opt-in,I-E
621,and,I-E
621,people,I-E
621,would,I-E
621,be,I-E
621,able,I-E
621,to,I-E
621,keep,I-E
621,their,I-E
621,accounts,I-E
621,separate,I-E
621,wherever,I-E
621,they,I-E
621,were,I-E
621,if,B-C
621,they,I-C
621,had,I-C
621,liked,I-C
621,to.,I-C
1743,"""If",O
1743,someone,I-C
1743,had,I-C
1743,said,I-C
1743,"BHP,",I-C
1743,I,B-E
1743,might,I-E
1743,be,I-E
1743,more,I-E
1743,inclined,I-E
1743,to,I-E
1743,believe,I-E
1743,"it,""",I-E
1743,the,O
1743,analyst,O
1743,added.,O
1832,If,B-C
1832,I,I-C
1832,was,I-C
1832,able,I-C
1832,to,I-C
1832,be,I-C
1832,around,I-C
1832,"that,",I-C
1832,I,B-E
1832,would,I-E
1832,have,I-E
1832,worked,I-E
1832,at,I-E
1832,a,I-E
1832,daycare,I-E
1832,center.,I-E
1302,Kline:,O
1302,I,O
1302,think,O
1302,the,O
1302,reality,O
1302,"is,",O
1302,any,O
1302,of,O
1302,the,B-E
1302,three,I-E
1302,potential,I-E
1302,suitors,I-E
1302,would,I-E
1302,be,I-E
1302,willing,I-E
1302,to,I-E
1302,sell,I-E
1302,off,I-E
1302,FX,I-E
1302,if,B-C
1302,it,I-C
1302,meant,I-C
1302,they,I-C
1302,could,I-C
1302,have,I-C
1302,access.,I-C
2738,"""It",O
2738,is,O
2738,possible,O
2738,that,O
2738,if,B-C
2738,we,I-C
2738,had,I-C
2738,continued,I-C
2738,with,I-C
2738,the,I-C
2738,rotavirus,I-C
2738,vaccine,I-C
2738,the,B-E
2738,benefits,I-E
2738,would,I-E
2738,have,I-E
2738,been,I-E
2738,more,I-E
2738,"apparent,""",I-E
2738,Modlin,O
2738,says.,O
2570,And,B-C
2570,had,I-C
2570,Mr.,I-C
2570,Espy,I-C
2570,won,I-C
2570,in,I-C
2570,"Mississippi,",I-C
2570,he,B-E
2570,would,I-E
2570,have,I-E
2570,been,I-E
2570,the,I-E
2570,first,I-E
2570,African-American,I-E
2570,to,I-E
2570,represent,I-E
2570,his,I-E
2570,state,I-E
2570,in,I-E
2570,the,I-E
2570,Senate,I-E
2570,in,I-E
2570,nearly,I-E
2570,150,I-E
2570,years..,I-E
149,The,B-C
149,groups,I-C
149,weren't,I-C
149,"identical,",I-C
149,he,O
149,"said,",O
149,and,O
149,that,B-E
149,would,I-E
149,have,I-E
149,been,I-E
149,the,I-E
149,best,I-E
149,way,I-E
149,to,I-E
149,study,I-E
149,the,I-E
149,issue.,I-E
485,"""The",O
485,loss,I-E
485,of,I-E
485,a,I-E
485,case,I-E
485,that,I-E
485,should,I-E
485,have,I-E
485,been,I-E
485,brought,I-E
485,is,I-E
485,never,I-E
485,as,I-E
485,bad,I-E
485,as,I-E
485,the,I-E
485,harm,I-E
485,of,I-E
485,a,I-E
485,case,I-E
485,that,I-E
485,shouldn't,I-E
485,have,I-E
485,been,I-E
485,"brought,""",I-E
485,said,O
485,Samuel,O
485,W.,O
2710,"""And",O
2710,I,I-E
2710,can,I-E
2710,tell,I-E
2710,"you,",I-E
2710,the,I-E
2710,previous,I-E
2710,administration,I-E
2710,would,I-E
2710,have,I-E
2710,been,I-E
2710,in,I-E
2710,war,I-E
2710,right,I-E
2710,now,I-E
2710,if,B-C
2710,that,I-C
2710,was,I-C
2710,"extended.""",I-C
2579,He,B-C
2579,would,I-C
2579,have,I-C
2579,run,I-C
2579,on,I-C
2579,a,I-C
2579,"similar,",I-C
2579,consensus-oriented,I-C
2579,platform,I-C
2579,as,I-C
2579,Mr.,I-C
2579,Biden,I-C
2579,and,B-E
2579,would,I-E
2579,have,I-E
2579,been,I-E
2579,pursuing,I-E
2579,many,I-E
2579,of,I-E
2579,the,I-E
2579,same,I-E
2579,fund-raisers,I-E
2579,and,I-E
2579,donors..,I-E
1978,"Moreover,",O
1978,with,O
1978,Cameron,O
1978,having,O
1978,put,O
1978,Britain's,O
1978,EU,O
1978,membership,O
1978,on,O
1978,the,O
1978,line,O
1978,by,O
1978,promising,O
1978,a,O
1978,referendum,O
1978,on,O
1978,it,O
1978,if,B-C
1978,"re-elected,",I-C
1978,last,B-E
1978,week's,I-E
1978,summit,I-E
1978,could,I-E
1978,have,I-E
1978,offered,I-E
1978,France,I-E
1978,and,I-E
1978,Germany,I-E
1978,the,I-E
1978,stage,I-E
1978,to,I-E
1978,rally,I-E
1978,together,I-E
1978,in,I-E
1978,a,I-E
1978,demonstration,I-E
1978,of,I-E
1978,European,I-E
1978,solidarity.,I-E
2622,"However,",O
2622,letting,O
2622,ourselves,O
2622,off,O
2622,the,O
2622,hook,O
2622,once,O
2622,in,O
2622,awhile,O
2622,can,O
2622,contribute,O
2622,to,O
2622,overall,O
2622,sense,O
2622,of,O
2622,"wellbeing,",O
2622,"productivity,",O
2622,and,O
2622,time,O
2622,management,O
2622,(imagine,O
2622,how,I-E
2622,much,I-E
2622,extra,I-E
2622,time,I-E
2622,you'd,I-E
2622,have,I-E
2622,if,B-C
2622,you,I-C
2622,allowed,I-C
2622,yourself,I-C
2622,to,I-C
2622,stop,I-C
2622,working,I-C
2622,on,I-C
2622,your,I-C
2622,assignment,I-C
2622,after,I-C
2622,an,I-C
2622,hour,I-C
2622,of,I-C
2622,"""good",I-C
2622,"enough""",I-C
2622,vs.,I-C
2622,three,I-C
2622,hours,I-C
2622,of,I-C
2622,"""perfect"")..",I-C
532,News,B-E
532,organizations,I-E
532,could,I-E
532,have,I-E
532,sent,I-E
532,a,I-E
532,powerful,I-E
532,message,I-E
532,if,B-C
532,they,I-C
532,had,I-C
532,moved,I-C
532,proactively,I-C
532,in,I-C
532,"2018,",I-C
532,pulled,I-C
532,their,I-C
532,reporters,I-C
532,"out,",I-C
532,and,I-C
532,signaled,I-C
532,they,I-C
532,weren't,I-C
532,going,I-C
532,to,I-C
532,be,I-C
532,used,I-C
532,as,I-C
532,props,I-C
532,for,I-C
532,the,I-C
532,White,I-C
532,House,I-C
532,press,I-C
532,briefing,I-C
532,charades.,I-C
257,"Now,",O
257,if,B-C
257,the,I-C
257,priests,I-C
257,in,I-C
257,the,I-C
257,Vatican,I-C
257,had,I-C
257,done,I-C
257,their,I-C
257,job,I-C
257,in,I-C
257,the,I-C
257,first,I-C
257,"place,",I-C
257,a,I-C
257,quiet,I-C
257,"conversation,",I-C
257,behind,I-C
257,closed,I-C
257,doors,I-C
257,and,O
257,much,B-E
257,of,I-E
257,it,I-E
257,would,I-E
257,have,I-E
257,been,I-E
257,prevented.,I-E
845,But,O
845,such,B-E
845,sentiments,I-E
845,were,I-E
845,scarce,I-E
845,even,O
845,24,O
845,hours,O
845,after,O
845,the,O
845,final,O
845,"vote,",O
845,when,O
845,emotions,B-C
845,should,I-C
845,have,I-C
845,been,I-C
845,raw.,I-C
1813,Keep,O
1813,in,O
1813,mind,O
1813,that,O
1813,if,B-C
1813,we,I-C
1813,were,I-C
1813,in,I-C
1813,some,I-C
1813,islamo-communist,I-C
1813,state,I-C
1813,like,I-C
1813,libya,I-C
1813,then,B-E
1813,your,I-E
1813,blog,I-E
1813,would,I-E
1813,have,I-E
1813,been,I-E
1813,shut,I-E
1813,down,I-E
1813,(for,I-E
1813,being,I-E
1813,a,I-E
1813,capitalist,I-E
1813,infidel),I-E
1813,and,I-E
1813,you,I-E
1813,yourself,I-E
1813,would,I-E
1813,have,I-E
1813,been,I-E
1813,assfucked,I-E
1813,with,I-E
1813,a,I-E
1813,electric,I-E
1813,cattle,I-E
1813,prod.,I-E
567,If,B-C
567,skilled-trades,I-C
567,workers,I-C
567,had,I-C
567,voted,I-C
567,against,I-C
567,the,I-C
567,pact,I-C
567,because,I-C
567,of,I-C
567,issues,I-C
567,unique,I-C
567,to,I-C
567,"them,",I-C
567,the,B-E
567,UAW,I-E
567,executive,I-E
567,board,I-E
567,would,I-E
567,have,I-E
567,had,I-E
567,to,I-E
567,call,I-E
567,for,I-E
567,another,I-E
567,"vote,",I-E
567,rework,I-E
567,the,I-E
567,contract's,I-E
567,skilled,I-E
567,trades,I-E
567,provisions,I-E
567,or,I-E
567,take,I-E
567,those,I-E
567,issues,I-E
567,to,I-E
567,arbitration.,I-E
2933,Wyoming:,O
2933,Wyoming,O
2933,is,O
2933,blood,O
2933,"red,",O
2933,but,O
2933,if,B-C
2933,young,I-C
2933,voters,I-C
2933,had,I-C
2933,their,I-C
2933,"way,",I-C
2933,Democrat,B-E
2933,Gary,I-E
2933,Trauner,I-E
2933,would,I-E
2933,be,I-E
2933,representing,I-E
2933,the,I-E
2933,state,I-E
2933,in,I-E
2933,the,I-E
2933,U.S.,I-E
2988,The,B-E
2988,hope,I-E
2988,of,I-E
2988,many,I-E
2988,people,I-E
2988,due,I-E
2988,to,I-E
2988,recent,I-E
2988,events,I-E
2988,is,I-E
2988,that,I-E
2988,to,I-E
2988,some,I-E
2988,extent,I-E
2988,it,I-E
2988,won't,I-E
2988,matter,I-E
2988,even,B-C
2988,if,I-C
2988,we,I-C
2988,can,I-C
2988,decode,I-C
2988,the,I-C
2988,information,I-C
2988,perfectly.,I-C
2297,Daimler,O
2297,executives,O
2297,say,O
2297,profits,B-E
2297,would,I-E
2297,have,I-E
2297,been,I-E
2297,better,I-E
2297,were,B-C
2297,it,I-C
2297,not,I-C
2297,for,I-C
2297,the,I-C
2297,underperformance,I-C
2297,of,I-C
2297,Mercedes,I-C
2297,in,I-C
2297,"China,",I-C
2297,a,I-C
2297,vital,I-C
2297,growth,I-C
2297,market,I-C
2297,where,I-C
2297,its,I-C
2297,two,I-C
2297,local,I-C
2297,rivals,I-C
2297,have,I-C
2297,been,I-C
2297,running,I-C
2297,circles,I-C
2297,around,I-C
2297,it.,I-C
744,"""If",O
744,I,I-C
744,was,I-C
744,was,I-C
744,doing,I-C
744,this,I-C
744,out,I-C
744,in,I-C
744,the,I-C
744,suburbs,I-C
744,with,I-C
744,your,I-C
744,middle,I-C
744,class,I-C
744,"parents,",I-C
744,I'd,B-E
744,have,I-E
744,my,I-E
744,legs,I-E
744,cut,I-E
744,out,I-E
744,from,I-E
744,under,I-E
744,"me,""",I-E
744,he,O
744,said.,O
506,Riza,B-E
506,"Hariati,",I-E
506,"42,",I-E
506,a,I-E
506,freelance,I-E
506,interior,I-E
506,designer,I-E
506,in,I-E
506,"Indonesia,",I-E
506,does,I-E
506,not,I-E
506,think,I-E
506,she,I-E
506,would,I-E
506,have,I-E
506,had,I-E
506,the,I-E
506,time,I-E
506,or,I-E
506,energy,I-E
506,to,I-E
506,do,I-E
506,all,I-E
506,the,I-E
506,things,I-E
506,she,I-E
506,has,I-E
506,done,I-E
506,if,B-C
506,she,I-C
506,had,I-C
506,married.,I-C
1149,could,B-C
1149,have,I-C
1149,done,I-C
1149,differently,I-C
1149,in,I-C
1149,just,I-C
1149,the,I-C
1149,last,I-C
1149,few,I-C
1149,years,I-C
1149,that,B-E
1149,would,I-E
1149,have,I-E
1149,produced,I-E
1149,a,I-E
1149,significantly,I-E
1149,different,I-E
1149,outcome.,I-E
2022,Even,B-C
2022,if,I-C
2022,I,I-C
2022,did,I-C
2022,tell,I-C
2022,her,I-C
2022,about,I-C
2022,"anxiety,",I-C
2022,depression,I-C
2022,and,I-C
2022,post-traumatic,I-C
2022,"stress,",I-C
2022,I,O
2022,doubted,O
2022,that,O
2022,she,B-E
2022,would,I-E
2022,have,I-E
2022,been,I-E
2022,able,I-E
2022,to,I-E
2022,hear,I-E
2022,it,I-E
2022,"then,",I-E
2022,through,O
2022,her,O
2022,exhaustion,O
2022,and,O
2022,pure,O
2022,relief,O
2022,that,O
2022,her,O
2022,husband,O
2022,would,O
2022,not,O
2022,die,O
2022,there,O
2022,in,O
2022,that,O
2022,room.,O
533,Altria's,O
533,longer,O
533,history,O
533,as,O
533,an,O
533,independent,O
533,company,O
533,also,O
533,gives,O
533,it,O
533,a,O
533,more,O
533,impressive,O
533,track,O
533,record,O
533,of,O
533,dividend,O
533,growth,O
533,over,O
533,time,O
533,than,O
533,Philip,O
533,Morris,O
533,"International,",O
533,and,O
533,Altria,B-E
533,would,I-E
533,qualify,I-E
533,for,I-E
533,Dividend,I-E
533,Aristocrat,I-E
533,status,I-E
533,had,B-C
533,it,I-C
533,not,I-C
533,been,I-C
533,for,I-C
533,its,I-C
533,spinoffs,I-C
533,along,I-C
533,the,I-C
533,way.,I-C
1397,If,B-C
1397,I,I-C
1397,had,I-C
1397,given,I-C
1397,my,I-C
1397,dog,I-C
1397,her,I-C
1397,choice,I-C
1397,and,I-C
1397,not,I-C
1397,used,I-C
1397,counter-conditioning,I-C
1397,to,I-C
1397,change,I-C
1397,her,I-C
1397,emotional,I-C
1397,state,I-C
1397,she,B-E
1397,would,I-E
1397,never,I-E
1397,have,I-E
1397,been,I-E
1397,able,I-E
1397,to,I-E
1397,walk,I-E
1397,past,I-E
1397,a,I-E
1397,storm,I-E
1397,drain,I-E
1397,or,I-E
1397,trash,I-E
1397,can!,I-E
1397,Trust,O
1397,in,O
1397,the,O
1397,human,O
1397,is,O
1397,important,O
1397,for,O
1397,sure,O
1397,and,O
1397,it's,O
1397,admirable,O
1397,to,O
1397,want,O
1397,to,O
1397,build,O
1397,trust,O
1397,in,O
1397,a,O
1397,variety,O
1397,of,O
1397,ways.,O
2753,The,O
2753,parents,O
2753,said,O
2753,their,B-E
2753,11-month-old,I-E
2753,son,I-E
2753,might,I-E
2753,have,I-E
2753,been,I-E
2753,able,I-E
2753,to,I-E
2753,live,I-E
2753,normally,I-E
2753,if,B-C
2753,he,I-C
2753,had,I-C
2753,received,I-C
2753,experimental,I-C
2753,U.S.,I-C
2025,If,B-C
2025,only,I-C
2025,he,I-C
2025,were,I-C
2025,alive,I-C
2025,so,B-E
2025,that,I-E
2025,I,I-E
2025,could,I-E
2025,talk,I-E
2025,all,I-E
2025,this,I-E
2025,over,I-E
2025,with,I-E
2025,him,I-E
2025,and,I-E
2025,find,I-E
2025,out,I-E
2025,what,I-E
2025,his,I-E
2025,demons,I-E
2025,were.,I-E
787,"Now,",O
787,this,O
787,is,O
787,not,O
787,to,O
787,say,O
787,that,O
787,"Scozzafava,",B-E
787,a,I-E
787,social,I-E
787,"moderate,",I-E
787,would,I-E
787,have,I-E
787,sent,I-E
787,an,I-E
787,endorsement,I-E
787,letter,I-E
787,for,I-E
787,right-wing,I-E
787,ideologue,I-E
787,Doug,I-E
787,Hoffman,I-E
787,if,B-C
787,only,I-C
787,he,I-C
787,had,I-C
787,been,I-C
787,nicer,I-C
787,to,I-C
787,her.,I-C
1702,PoliticsNC,O
1702,has,O
1702,an,O
1702,interesting,O
1702,"""what",O
1702,"if?""",O
1702,about,O
1702,what,B-E
1702,might,I-E
1702,have,I-E
1702,happened,I-E
1702,if,I-E
1702,Smith,I-E
1702,had,I-C
1702,ventured,I-C
1702,further,I-C
1702,into,I-C
1702,electoral,I-C
1702,politics;,I-C
1702,as,O
1702,you,O
1702,might,O
1702,"know,",O
1702,he,O
1702,was,O
1702,heavily,O
1702,recruited,O
1702,by,O
1702,Democrats,O
1702,to,O
1702,run,O
1702,in,O
1702,1990,O
1702,against,O
1702,Sen.,O
196,thought,O
196,they'd,O
196,get,O
196,more,O
196,media,O
196,cash,O
196,and,O
196,influence,O
196,by,O
196,being,O
196,at,O
196,the,O
196,front,O
196,of,O
196,the,O
196,"pack,",O
196,when,O
196,the,O
196,irony,O
196,is,O
196,that,O
196,they,B-E
196,would,I-E
196,have,I-E
196,had,I-E
196,much,I-E
196,more,I-E
196,effect,I-E
196,if,B-C
196,the,I-C
196,vote,I-C
196,in,I-C
196,Florida,I-C
196,had,I-C
196,come,I-C
196,later.,I-C
1057,And,O
1057,each,B-E
1057,of,I-E
1057,them,I-E
1057,could,I-E
1057,pedal,I-E
1057,hardest,I-E
1057,at,I-E
1057,that,I-E
1057,point,I-E
1057,if,B-C
1057,their,I-C
1057,arm,I-C
1057,muscles,I-C
1057,had,I-C
1057,been,I-C
1057,warmed,I-C
1057,beforehand.,I-C
291,"However,",O
291,the,B-E
291,taxpayer,I-E
291,would,I-E
291,only,I-E
291,have,I-E
291,seen,I-E
291,any,I-E
291,share,I-E
291,of,I-E
291,the,I-E
291,private,I-E
291,sector's,I-E
291,return,I-E
291,if,B-C
291,the,I-C
291,value,I-C
291,of,I-C
291,the,I-C
291,business,I-C
291,to,I-C
291,its,I-C
291,investors,I-C
291,had,I-C
291,reached,I-C
291,at,I-C
291,least,I-C
291,2.7bn.,I-C
1913,I,O
1913,have,O
1913,wondered,O
1913,if,B-C
1913,our,I-C
1913,different,I-C
1913,ages,I-C
1913,while,I-C
1913,we,I-C
1913,were,I-C
1913,with,I-C
1913,our,I-C
1913,grandparents,I-C
1913,may,B-E
1913,have,I-E
1913,had,I-E
1913,a,I-E
1913,bearing,I-E
1913,on,I-E
1913,how,I-E
1913,much,I-E
1913,or,I-E
1913,how,I-E
1913,little,I-E
1913,we,I-E
1913,were,I-E
1913,impressed,I-E
1913,by,I-E
1913,the,I-E
1913,atmosphere,I-E
1913,in,I-E
1913,their,I-E
1913,home.,I-E
1457,Trump,B-E
1457,at,I-E
1457,the,I-E
1457,least,I-E
1457,should,I-E
1457,have,I-E
1457,been,I-E
1457,warned,I-E
1457,away,I-E
1457,from,I-E
1457,a,I-E
1457,meeting,I-E
1457,without,I-E
1457,his,I-E
1457,own,I-E
1457,translator,I-E
1457,to,I-E
1457,"serve,",I-E
1457,if,B-C
1457,nothing,I-C
1457,"else,",I-C
1457,as,O
1457,a,O
1457,witness,O
1457,to,O
1457,what,O
1457,was,O
1457,said.,O
45,"""When",B-C
45,we,I-C
45,issue,I-C
45,these,I-C
45,bonds,I-C
45,it's,I-C
45,to,I-C
45,provide,I-C
45,a,I-C
45,public,I-C
45,"service.""",I-C
45,He,I-C
45,added,I-C
45,that,I-C
45,if,I-C
45,the,I-C
45,court,I-C
45,had,I-C
45,gone,I-C
45,the,I-C
45,other,I-C
45,way,I-C
45,"""it",B-E
45,wouldn't,I-E
45,have,I-E
45,been,I-E
45,doomsday,I-E
45,but,I-E
45,it,I-E
45,could,I-E
45,have,I-E
45,created,I-E
45,the,I-E
45,potential,I-E
45,for,I-E
45,higher,I-E
45,borrowing,I-E
45,"costs.""",I-E
45,The,I-E
45,ruling,I-E
45,also,I-E
45,prevented,I-E
45,a,I-E
45,massive,I-E
45,revaluation,I-E
45,of,I-E
45,the,I-E
45,market.,I-E
2452,The,O
2452,reform,O
2452,has,O
2452,been,O
2452,in,O
2452,the,O
2452,works,O
2452,for,O
2452,some,O
2452,time,O
2452,and,O
2452,could,B-E
2452,have,I-E
2452,gone,I-E
2452,faster,I-E
2452,had,B-C
2452,it,I-C
2452,not,I-C
2452,been,I-C
2452,stuck,I-C
2452,in,I-C
2452,the,I-C
2452,Ukrainian,I-C
2452,parliament.,I-C
2367,Right,O
2367,at,O
2367,that,O
2367,"point,",O
2367,without,B-C
2367,a,I-C
2367,Washington,I-C
2367,insider,I-C
2367,on,I-C
2367,"retainer,",I-C
2367,you,B-E
2367,could,I-E
2367,have,I-E
2367,missed,I-E
2367,your,I-E
2367,chance,I-E
2367,to,I-E
2367,cash,I-E
2367,in,I-E
2367,on,I-E
2367,the,I-E
2367,deals,I-E
2367,made,I-E
2367,between,I-E
2367,pro-renewables,I-E
2367,Democrats,I-E
2367,and,I-E
2367,Republican,I-E
2367,climate,I-E
2367,sceptics.,I-E
2998,So,O
2998,what:,O
2998,Quarterly,O
2998,fell,O
2998,12%,O
2998,year,O
2998,over,O
2998,year,O
2998,to,O
2998,$665,O
2998,"million,",O
2998,and,O
2998,would,B-E
2998,have,I-E
2998,fallen,I-E
2998,a,I-E
2998,more,I-E
2998,modest,I-E
2998,9%,I-E
2998,had,B-C
2998,it,I-C
2998,not,I-C
2998,been,I-C
2998,for,I-C
2998,the,I-C
2998,negative,I-C
2998,effects,I-C
2998,of,I-C
2998,currencies,I-C
2998,and,I-C
2998,acquisitions.,I-C
1950,In,O
1950,"particular,",O
1950,Bear,B-C
1950,Stearns',I-C
1950,failure,I-C
1950,under,I-C
1950,those,I-C
1950,circumstances,I-C
1950,would,I-C
1950,have,I-C
1950,seriously,I-C
1950,disrupted,I-C
1950,certain,I-C
1950,key,I-C
1950,secured,I-C
1950,funding,I-C
1950,markets,I-C
1950,and,O
1950,derivatives,O
1950,markets,O
1950,and,O
1950,possibly,B-E
1950,would,I-E
1950,have,I-E
1950,led,I-E
1950,to,I-E
1950,runs,I-E
1950,on,I-E
1950,other,I-E
1950,financial,I-E
1950,firms.,I-E
2314,That,B-E
2314,would,I-E
2314,be,I-E
2314,less,I-E
2314,worrying,I-E
2314,if,B-C
2314,the,I-C
2314,term,I-C
2314,spread,I-C
2314,had,I-C
2314,bounced,I-C
2314,around,I-C
2314,and,I-C
2314,just,I-C
2314,happened,I-C
2314,to,I-C
2314,be,I-C
2314,at,I-C
2314,a,I-C
2314,low,I-C
2314,point.,I-C
887,"""Madoff's",O
887,scheme,I-E
887,could,I-E
887,not,I-E
887,have,I-E
887,been,I-E
887,accomplished,I-E
887,unless,B-C
887,the,I-C
887,UBS,I-C
887,defendants,I-C
887,had,I-C
887,agreed,I-C
887,to,I-C
887,look,I-C
887,the,I-C
887,other,I-C
887,"way,""",I-C
887,while,O
887,collecting,O
887,at,O
887,least,O
887,$80,O
887,million,O
887,in,O
887,"fees,",O
887,he,O
887,added.,O
423,"""I",O
423,think,I-C
423,that,I-C
423,if,I-C
423,the,I-C
423,interest,I-C
423,rates,I-C
423,had,I-C
423,been,I-C
423,lowered,I-C
423,more,I-C
423,"dramatically,",I-C
423,that,B-E
423,I,I-E
423,would,I-E
423,have,I-E
423,been,I-E
423,re-elected,I-E
423,president,I-E
423,because,I-E
423,the,I-E
423,recovery,I-E
423,that,I-E
423,we,I-E
423,were,I-E
423,in,I-E
423,would,I-E
423,have,I-E
423,been,I-E
423,more,I-E
423,"visible,""",I-E
423,Bush,O
423,told,O
423,British,O
423,interviewer,O
423,David,O
423,Frost,O
423,in,O
423,an,O
423,interview,O
423,aired,O
423,in,O
423,1998,O
423,"""I",O
423,reappointed,O
423,"him,",O
423,and,O
423,he,O
423,disappointed,O
423,"me.""",O
423,BERNANKE,O
423,FED,O
423,The,O
423,current,O
423,Fed,O
423,under,O
423,Chairman,O
423,Ben,O
423,Bernanke,O
423,slashed,O
423,benchmark,O
423,overnight,O
423,rates,O
423,to,O
423,2,O
423,percent,O
423,in,O
423,seven,O
423,steps,O
423,that,O
423,began,O
423,in,O
423,September.,O
1831,Had,B-C
1831,they,I-C
1831,been,I-C
1831,at,I-C
1831,church,I-C
1831,that,I-C
1831,day,I-C
1831,in,I-C
1831,"1968,",I-C
1831,they,B-E
1831,would,I-E
1831,have,I-E
1831,done,I-E
1831,the,I-E
1831,"same,",I-E
1831,he,O
1831,told,O
1831,his,O
1831,white,O
1831,listeners.,O
651,If,B-C
651,robots,I-C
651,really,I-C
651,were,I-C
651,replacing,I-C
651,workers,I-C
651,en,I-C
651,"masse,",I-C
651,we'd,B-E
651,expect,I-E
651,to,I-E
651,see,I-E
651,the,I-E
651,amount,I-E
651,of,I-E
651,stuff,I-E
651,produced,I-E
651,by,I-E
651,each,I-E
651,remaining,I-E
651,worker,I-E
651,-,I-E
651,labor,I-E
651,productivity,I-E
651,-,I-E
651,soaring.,I-E
1437,If,B-C
1437,Apple,I-C
1437,had,I-C
1437,never,I-C
1437,pursued,I-C
1437,capital,I-C
1437,"returns,",I-C
1437,in,O
1437,which,O
1437,case,O
1437,it,B-E
1437,would,I-E
1437,have,I-E
1437,never,I-E
1437,needed,I-E
1437,to,I-E
1437,issue,I-E
1437,"debt,",I-E
1437,it,I-E
1437,would,I-E
1437,be,I-E
1437,worth,I-E
1437,over,I-E
1437,$1,I-E
1437,trillion,I-E
1437,and,I-E
1437,have,I-E
1437,nearly,I-E
1437,$470,I-E
1437,billion,I-E
1437,in,I-E
1437,cash,I-E
1437,on,I-E
1437,the,I-E
1437,balance,I-E
1437,sheet.,I-E
450,"""This",O
450,may,O
450,not,O
450,be,O
450,the,O
450,right,O
450,"protocol,",O
450,but,O
450,if,B-C
450,I,I-C
450,had,I-C
450,warned,I-C
450,them,I-C
450,they,B-E
450,might,I-E
450,have,I-E
450,talked,I-E
450,me,I-E
450,out,I-E
450,of,I-E
450,it,I-E
450,yet,I-E
450,"again,""",I-E
450,Hulot,O
450,said.,O
184,Urban,O
184,also,O
184,said,O
184,new,B-E
184,fees,I-E
184,on,I-E
184,smaller,I-E
184,accounts,I-E
184,would,I-E
184,have,I-E
184,affected,I-E
184,some,I-E
184,of,I-E
184,his,I-E
184,clients,I-E
184,if,B-C
184,he,I-C
184,had,I-C
184,stayed,I-C
184,at,I-C
184,the,I-C
184,firm.,I-C
331,May,O
331,"9,",O
331,2001,O
331,--,O
331,You,O
331,would,O
331,think,O
331,that,O
331,if,B-C
331,an,I-C
331,underage,I-C
331,buyer,I-C
331,tries,I-C
331,to,I-C
331,purchase,I-C
331,cigarettes,I-C
331,using,I-C
331,a,I-C
331,real,I-C
331,"ID,",I-C
331,the,B-E
331,child,I-E
331,would,I-E
331,have,I-E
331,less,I-E
331,of,I-E
331,a,I-E
331,chance,I-E
331,to,I-E
331,obtain,I-E
331,this,I-E
331,dangerous,I-E
331,product,I-E
331,than,I-E
331,a,I-E
331,teen,I-E
331,who,I-E
331,just,I-E
331,asked,I-E
331,for,I-E
331,a,I-E
331,pack,I-E
331,of,I-E
331,smokes,I-E
331,outright.,I-E
598,And,O
598,six,B-E
598,more,I-E
598,senators,I-E
598,wrote,I-E
598,in,I-E
598,that,I-E
598,they,I-E
598,would,I-E
598,have,I-E
598,supported,I-E
598,the,I-E
598,bill,I-E
598,if,B-C
598,they'd,I-C
598,been,I-C
598,present,I-C
598,for,I-C
598,the,I-C
598,vote.,I-C
2981,Were,B-C
2981,Mrs,I-C
2981,Clinton,I-C
2981,up,I-C
2981,before,I-C
2981,the,I-C
2981,Senate,I-C
2981,seeking,I-C
2981,confirmation,I-C
2981,as,I-C
2981,ambassador,I-C
2981,to,I-C
2981,"NATO,",I-C
2981,she,B-E
2981,could,I-E
2981,expect,I-E
2981,to,I-E
2981,be,I-E
2981,pounded,I-E
2981,by,I-E
2981,senators,I-E
2981,from,I-E
2981,both,I-E
2981,"parties,",I-E
2981,as,O
2981,they,O
2981,examined,O
2981,the,O
2981,gaps,O
2981,between,O
2981,her,O
2981,own,O
2981,statements,O
2981,defending,O
2981,her,O
2981,use,O
2981,of,O
2981,a,O
2981,personal,O
2981,e-mail,O
2981,address,O
2981,for,O
2981,"work,",O
2981,and,O
2981,the,O
2981,FBI's,O
2981,verdict,O
2981,on,O
2981,her,O
2981,conduct.,O
1055,Nineteen,O
1055,words,O
1055,from,O
1055,Mueller,O
1055,-,O
1055,"""if",O
1055,we,I-C
1055,had,I-C
1055,had,I-C
1055,confidence,I-C
1055,that,I-C
1055,the,I-C
1055,president,I-C
1055,clearly,I-C
1055,did,I-C
1055,not,I-C
1055,commit,I-C
1055,a,I-C
1055,"crime,",I-C
1055,we,B-E
1055,would,I-E
1055,have,I-E
1055,said,I-E
1055,"so""",I-E
1055,-,O
1055,energized,O
1055,impeachment,O
1055,proponents,O
1055,and,O
1055,raised,O
1055,questions,O
1055,about,O
1055,how,O
1055,long,O
1055,Pelosi,O
1055,(D-Calif.),O
1055,could,O
1055,keep,O
1055,an,O
1055,inquiry,O
1055,at,O
1055,bay.,O
1575,Tuberville,O
1575,said,O
1575,"that,",O
1575,if,B-C
1575,he,I-C
1575,hadn't,I-C
1575,repeatedly,I-C
1575,humiliated,I-C
1575,the,I-C
1575,Crimson,I-C
1575,"Tide,",I-C
1575,Alabama,B-E
1575,never,I-E
1575,would,I-E
1575,have,I-E
1575,hired,I-E
1575,Nick,I-E
1575,"Saban,",I-E
1575,who,I-E
1575,is,I-E
1575,now,I-E
1575,a,I-E
1575,revered,I-E
1575,figure,I-E
1575,with,I-E
1575,five,I-E
1575,national,I-E
1575,championships,I-E
1575,to,I-E
1575,his,I-E
1575,credit.,I-E
1803,If,B-C
1803,politics,I-C
1803,would,I-C
1803,only,I-C
1803,permit,I-C
1803,"compromise,",I-C
1803,she,O
1803,"claims,",O
1803,a,B-E
1803,group,I-E
1803,of,I-E
1803,ten,I-E
1803,Democratic,I-E
1803,senators,I-E
1803,would,I-E
1803,stand,I-E
1803,ready,I-E
1803,to,I-E
1803,work,I-E
1803,with,I-E
1803,moderate,I-E
1803,Republicans,I-E
1803,to,I-E
1803,fix,I-E
1803,Obamacares,I-E
1803,high,I-E
1803,"deductibles,",I-E
1803,shallow,I-E
1803,markets,I-E
1803,and,I-E
1803,other,I-E
1803,problems.,I-E
2496,If,B-C
2496,we,I-C
2496,had,I-C
2496,first,I-C
2496,won,I-C
2496,with,I-C
2496,a,I-C
2496,better,I-C
2496,story,I-C
2496,of,I-C
2496,"democracy,",I-C
2496,health,B-E
2496,care,I-E
2496,reform,I-E
2496,wouldn't,I-E
2496,have,I-E
2496,been,I-E
2496,so,I-E
2496,unpopular.,I-E
2735,She,O
2735,shouldn't,O
2735,have,O
2735,cared,O
2735,whether,O
2735,she,O
2735,was,O
2735,noticedby,O
2735,the,O
2735,others,O
2735,or,O
2735,not.If,O
2735,she,I-C
2735,thought,I-C
2735,her,I-C
2735,enviorment,I-C
2735,was,I-C
2735,INSANE,I-C
2735,she,B-E
2735,shouldhave,I-E
2735,sought,I-E
2735,a,I-E
2735,new,I-E
2735,"home,",I-E
2735,with,I-E
2735,other,I-E
2735,like,I-E
2735,minded,I-E
2735,bees.If,I-E
2735,that,I-E
2735,arraingment,I-E
2735,became,I-E
2735,stale,I-E
2735,she,I-E
2735,should,I-E
2735,have,I-E
2735,leftagain.,I-E
289,"""If",O
289,these,I-C
289,practices,I-C
289,are,I-C
289,indicators,I-C
289,of,I-C
289,a,I-C
289,more,I-C
289,aggressive,I-C
289,approach,I-C
289,to,I-C
289,end-of-life,I-C
289,care,I-C
289,in,I-C
289,general,I-C
289,or,I-C
289,can,I-C
289,make,I-C
289,someone,I-C
289,"immortal,",I-C
289,then,O
289,you,B-E
289,would,I-E
289,wonder,I-E
289,why,I-E
289,health,I-E
289,care,I-E
289,professionals,I-E
289,spend,I-E
289,more,I-E
289,time,I-E
289,talking,I-E
289,to,I-E
289,white,I-E
289,families,I-E
289,about,I-E
289,their,I-E
289,"options.""¡°",I-E
2851,Had,B-C
2851,Mr,I-C
2851,"Pethokoukis,",I-C
2851,and,I-C
2851,conservatives,I-C
2851,more,I-C
2851,"generally,",I-C
2851,been,I-C
2851,demanding,I-C
2851,all,I-C
2851,along,I-C
2851,changes,I-C
2851,to,I-C
2851,the,I-C
2851,way,I-C
2851,executives,I-C
2851,and,I-C
2851,big-time,I-C
2851,Wall,I-C
2851,Street,I-C
2851,players,I-C
2851,are,I-C
2851,"compensated,",I-C
2851,then,O
2851,they,B-E
2851,could,I-E
2851,press,I-E
2851,this,I-E
2851,complaint,I-E
2851,against,I-E
2851,Mr,I-E
2851,Obama,I-E
2851,standing,I-E
2851,on,I-E
2851,solid,I-E
2851,ground.,I-E
332,At,O
332,a,O
332,29,O
332,March,O
332,briefing,O
332,announcing,O
332,the,O
332,initiative,O
332,in,O
332,"Washington,",O
332,"D.C.,",O
332,Collins,O
332,told,O
332,Science,O
332,"Careers,",O
332,'If,O
332,I,I-C
332,were,I-C
332,a,I-C
332,senior,I-C
332,or,I-C
332,first-year,I-C
332,graduate,I-C
332,student,I-C
332,interested,I-C
332,in,I-C
332,"biology,",I-C
332,I,B-E
332,would,I-E
332,migrate,I-E
332,as,I-E
332,fast,I-E
332,as,I-E
332,I,I-E
332,could,I-E
332,into,I-E
332,the,I-E
332,field,I-E
332,of,I-E
332,computational,I-E
332,biology.,I-E
332,...,O
2841,If,B-C
2841,terror,I-C
2841,attacks,I-C
2841,were,I-C
2841,to,I-C
2841,receive,I-C
2841,the,I-C
2841,same,I-C
2841,amount,I-C
2841,of,I-C
2841,media,I-C
2841,coverage,I-C
2841,"as,",I-C
2841,"say,",I-C
2841,domestic,I-C
2841,violence,I-C
2841,-,O
2841,a,O
2841,far,O
2841,more,O
2841,lethal,O
2841,"threat,",O
2841,by,O
2841,the,O
2841,way,O
2841,-,O
2841,they,B-E
2841,would,I-E
2841,probably,I-E
2841,soon,I-E
2841,be,I-E
2841,a,I-E
2841,relic,I-E
2841,of,I-E
2841,history.,I-E
1580,(Last,O
1580,year,O
1580,about,O
1580,"60,000",O
1580,in,O
1580,the,O
1580,United,O
1580,States,O
1580,got,O
1580,a,O
1580,D.C.I.S.,O
1580,diagnosis.),O
1580,One,O
1580,piece,O
1580,of,O
1580,evidence,O
1580,is,O
1580,that,O
1580,the,O
1580,women,O
1580,who,O
1580,had,O
1580,mastectomies,O
1580,had,O
1580,their,O
1580,entire,O
1580,breast,O
1580,cut,O
1580,off,O
1580,and,O
1580,so,O
1580,if,B-C
1580,D.C.I.S.,I-C
1580,"was,",I-C
1580,as,I-C
1580,many,I-C
1580,had,I-C
1580,"thought,",I-C
1580,a,I-C
1580,precursor,I-C
1580,to,I-C
1580,cancer,I-C
1580,or,I-C
1580,an,I-C
1580,early,I-C
1580,"cancer,",I-C
1580,their,B-E
1580,death,I-E
1580,rate,I-E
1580,should,I-E
1580,have,I-E
1580,been,I-E
1580,lower,I-E
1580,than,I-E
1580,it,I-E
1580,was,I-E
1580,for,O
1580,women,O
1580,who,O
1580,had,O
1580,lumpectomies,O
1580,that,O
1580,could,O
1580,have,O
1580,left,O
1580,D.C.I.S.,O
1580,cells,O
1580,behind..,O
2902,If,B-C
2902,you,I-C
2902,had,I-C
2902,been,I-C
2902,able,I-C
2902,to,I-C
2902,recognize,I-C
2902,back,I-C
2902,then,I-C
2902,that,I-C
2902,the,I-C
2902,housing,I-C
2902,market,I-C
2902,was,I-C
2902,"overextended,",I-C
2902,you,B-E
2902,could,I-E
2902,have,I-E
2902,dodged,I-E
2902,some,I-E
2902,of,I-E
2902,these,I-E
2902,losing,I-E
2902,stocks.,I-E
718,But,O
718,it,B-E
718,probably,I-E
718,got,I-E
718,100x,I-E
718,as,I-E
718,much,I-E
718,attention,I-E
718,as,I-E
718,it,I-E
718,would,I-E
718,have,I-E
718,had,B-C
718,it,I-C
718,been,I-C
718,correct.,I-C
1352,As,O
1352,Jean-Yves,O
1352,Le,O
1352,"Drian,",O
1352,the,O
1352,defence,O
1352,"minister,",O
1352,put,O
1352,"it,",O
1352,there,O
1352,was,O
1352,a,O
1352,spectacular,O
1352,acceleration,O
1352,of,O
1352,the,O
1352,jihadists,O
1352,towards,O
1352,Bamako,O
1352,the,O
1352,day,O
1352,before,O
1352,the,O
1352,French,O
1352,strikes,O
1352,began:,O
1352,if,B-C
1352,nobody,I-C
1352,had,I-C
1352,"intervened,",I-C
1352,Bamako,B-E
1352,would,I-E
1352,have,I-E
1352,fallen,I-E
1352,two,I-E
1352,or,I-E
1352,three,I-E
1352,days,I-E
1352,later.,I-E
1340,"""For",O
1340,the,O
1340,markets,O
1340,it's,O
1340,a,O
1340,bit,O
1340,reassuring,O
1340,that,O
1340,he,O
1340,is,O
1340,leaving,O
1340,because,O
1340,if,B-C
1340,there,I-C
1340,were,I-C
1340,problems,I-C
1340,ahead,I-C
1340,he,B-E
1340,would,I-E
1340,"stay.""",I-E
507,If,B-C
507,only,I-C
507,6%,I-C
507,of,I-C
507,men,I-C
507,were,I-C
507,ALWAYS,I-C
507,having,I-C
507,orgasms,I-C
507,when,I-C
507,they,I-C
507,have,I-C
507,sex,I-C
507,with,I-C
507,women,I-C
507,throughout,I-C
507,the,I-C
507,history,I-C
507,of,I-C
507,"mankind,",I-C
507,you'd,B-E
507,see,I-E
507,that,I-E
507,men,I-E
507,were,I-E
507,the,I-E
507,less,I-E
507,sexual,I-E
507,gender.,I-E
2574,Had,B-C
2574,the,I-C
2574,drug,I-C
2574,been,I-C
2574,successful,I-C
2574,in,I-C
2574,the,I-C
2574,HPS2-THRIVE,I-C
2574,"study,",I-C
2574,brokerage,B-E
2574,Cowen,I-E
2574,and,I-E
2574,Co,I-E
2574,predicted,I-E
2574,its,I-E
2574,annual,I-E
2574,global,I-E
2574,sales,I-E
2574,would,I-E
2574,have,I-E
2574,jumped,I-E
2574,to,I-E
2574,$300,I-E
2574,million,I-E
2574,by,I-E
2574,2016.,I-E
2986,Had,B-C
2986,I,I-C
2986,identified,I-C
2986,myself,I-C
2986,as,I-C
2986,a,I-C
2986,"'banker,'",I-C
2986,my,B-E
2986,goose,I-E
2986,would,I-E
2986,have,I-E
2986,been,I-E
2986,cooked,I-E
2986,as,I-E
2986,the,I-E
2986,banking,I-E
2986,industry,I-E
2986,continued,I-E
2986,its,I-E
2986,consolidation.,I-E
2401,If,B-C
2401,the,I-C
2401,global,I-C
2401,situation,I-C
2401,becomes,I-C
2401,completely,I-C
2401,"peaceful,",I-C
2401,as,O
2401,the,O
2401,Fed,O
2401,hopes,O
2401,it,O
2401,"does,",O
2401,then,B-E
2401,this,I-E
2401,will,I-E
2401,be,I-E
2401,a,I-E
2401,"""delayed",I-E
2401,rate,I-E
2401,"hike,""",I-E
2401,not,I-E
2401,a,I-E
2401,pause,I-E
2401,in,I-E
2401,the,I-E
2401,rate-hike,I-E
2401,cycle.,I-E
1125,And,B-C
1125,then,I-C
1125,there's,I-C
1125,"Pulte,",I-C
1125,"which,",I-C
1125,were,I-C
1125,the,I-C
1125,year,I-C
1125,to,I-C
1125,end,I-C
1125,"tomorrow,",I-C
1125,would,B-E
1125,have,I-E
1125,chalked,I-E
1125,up,I-E
1125,an,I-E
1125,awfully,I-E
1125,nice,I-E
1125,annual,I-E
1125,score.,I-E
1295,Vance,O
1295,would,O
1295,have,O
1295,access,O
1295,to,O
1295,money,O
1295,deposited,O
1295,into,O
1295,the,O
1295,"fund,",O
1295,which,O
1295,in,B-C
1295,different,I-C
1295,circumstances,I-C
1295,he,B-E
1295,would,I-E
1295,not,I-E
1295,have,I-E
1295,had,I-E
1295,in,I-E
1295,the,I-E
1295,past.,I-E
1815,If,B-C
1815,there,I-C
1815,were,I-C
1815,a,I-C
1815,straight,I-C
1815,and,I-C
1815,simple,I-C
1815,"line,",I-C
1815,someone,B-E
1815,would've,I-E
1815,thought,I-E
1815,of,I-E
1815,it,I-E
1815,by,I-E
1815,now,I-E
1815,and,I-E
1815,suggested,I-E
1815,it.,I-E
270,If,B-C
270,this,I-C
270,were,I-C
270,an,I-C
270,article,I-C
270,on,I-C
270,a,I-C
270,web-site,I-C
270,not,I-C
270,dedicated,I-C
270,to,I-C
270,psychological,I-C
270,matters,I-C
270,I'd,B-E
270,not,I-E
270,have,I-E
270,commented.,I-E
1798,Even,B-C
1798,though,I-C
1798,the,I-C
1798,tests,I-C
1798,were,I-C
1798,not,I-C
1798,"required,",I-C
1798,they,B-E
1798,would,I-E
1798,have,I-E
1798,served,I-E
1798,as,I-E
1798,a,I-E
1798,check,I-E
1798,on,I-E
1798,Boeing's,I-E
1798,design,I-E
1798,assumptions,I-E
1798,and,I-E
1798,possibly,I-E
1798,prevented,I-E
1798,the,I-E
1798,battery,I-E
1798,from,I-E
1798,overheating,I-E
1798,in,O
1798,"January,",O
1798,they,O
1798,said.,O
251,"Harbinger,",B-E
251,which,I-E
251,has,I-E
251,spent,I-E
251,billions,I-E
251,of,I-E
251,dollars,I-E
251,on,I-E
251,"LightSquared,",I-E
251,said,I-E
251,in,I-E
251,a,I-E
251,complaint,I-E
251,filed,I-E
251,on,I-E
251,Friday,I-E
251,that,I-E
251,it,I-E
251,never,I-E
251,would,I-E
251,have,I-E
251,made,I-E
251,the,I-E
251,investments,I-E
251,if,B-C
251,the,I-C
251,GPS,I-C
251,industry,I-C
251,had,I-C
251,disclosed,I-C
251,potential,I-C
251,interference,I-C
251,problems,I-C
251,between,I-C
251,the,I-C
251,LightSquared,I-C
251,spectrum,I-C
251,and,I-C
251,GPS,I-C
251,equipment,I-C
251,between,I-C
251,2002,I-C
251,and,I-C
251,2009.,I-C
2113,When,O
2113,Osama,O
2113,bin,O
2113,Laden,O
2113,"""finally",O
2113,met,O
2113,the,O
2113,fate,O
2113,he,O
2113,"deserved,",O
2113,the,O
2113,apologists,O
2113,for,O
2113,torture,O
2113,appeared,O
2113,in,O
2113,numbers,O
2113,on,O
2113,cable,O
2113,news,O
2113,shows,O
2113,and,O
2113,in,O
2113,the,O
2113,newspapers,O
2113,claiming,O
2113,bin,B-E
2113,Laden,I-E
2113,wouldn't,I-E
2113,have,I-E
2113,been,I-E
2113,found,I-E
2113,without,B-C
2113,intelligence,I-C
2113,gained,I-C
2113,through,I-C
2113,the,I-C
2113,use,I-C
2113,of,I-C
2113,"EITs""",I-C
2113,-,O
2113,enhanced,O
2113,interrogation,O
2113,"techniques,",O
2113,Mr.,O
2113,McCain,O
2113,snarls,O
2113,in,O
2113,"""The",O
2113,Restless,O
2113,"Wave.""",O
2113,"""In",O
2113,"truth,",O
2113,most,O
2113,of,O
2113,the,O
2113,C.I.A.'s,O
2113,claims,O
2113,that,O
2113,abusive,O
2113,interrogations,O
2113,of,O
2113,detainees,O
2113,had,O
2113,produced,O
2113,vital,O
2113,leads,O
2113,to,O
2113,help,O
2113,locate,O
2113,Bin,O
2113,Laden,O
2113,were,O
2113,"exaggerated,",O
2113,"misleading,",O
2113,and,O
2113,in,O
2113,some,O
2113,"cases,",O
2113,complete,O
2113,"bullshit."".",O
2650,For,O
2650,"example,",O
2650,if,B-C
2650,I,I-C
2650,had,I-C
2650,told,I-C
2650,you,I-C
2650,seven,I-C
2650,or,I-C
2650,eight,I-C
2650,years,I-C
2650,ago,I-C
2650,that,I-C
2650,Bank,I-C
2650,of,I-C
2650,America,I-C
2650,would,I-C
2650,have,I-C
2650,a,I-C
2650,return,I-C
2650,on,I-C
2650,equity,I-C
2650,(ROE),I-C
2650,and,I-C
2650,return,I-C
2650,on,I-C
2650,assets,I-C
2650,(ROA),I-C
2650,of,I-C
2650,11.6%,I-C
2650,and,I-C
2650,"1.24%,",I-C
2650,"respectively,",O
2650,both,O
2650,of,O
2650,which,O
2650,are,O
2650,well,O
2650,ahead,O
2650,of,O
2650,industry,O
2650,"benchmarks,",O
2650,you,B-E
2650,would,I-E
2650,have,I-E
2650,called,I-E
2650,me,I-E
2650,crazy.,I-E
1948,Now,O
1948,for,O
1948,the,O
1948,bizarre,O
1948,hypothetical:,O
1948,If,B-C
1948,Bangladeshis,I-C
1948,had,I-C
1948,voted,I-C
1948,themselves,I-C
1948,such,I-C
1948,lax,I-C
1948,safety,I-C
1948,laws,I-C
1948,that,I-C
1948,anyone,I-C
1948,could,I-C
1948,build,I-C
1948,a,I-C
1948,tower,I-C
1948,of,I-C
1948,any,I-C
1948,height,I-C
1948,without,I-C
1948,any,I-C
1948,input,I-C
1948,from,I-C
1948,an,I-C
1948,"architect,",I-C
1948,"well,",I-C
1948,I,B-E
1948,guess,I-E
1948,that,I-E
1948,would,I-E
1948,be,I-E
1948,their,I-E
1948,prerogative.,I-E
1885,He,B-C
1885,had,I-C
1885,not,I-C
1885,indicated,I-C
1885,to,I-C
1885,the,I-C
1885,Times,I-C
1885,which,I-C
1885,way,I-C
1885,he,I-C
1885,would,I-C
1885,have,I-C
1885,voted,I-C
1885,on,I-C
1885,the,I-C
1885,HQ2,I-C
1885,project,I-C
1885,for,O
1885,the,O
1885,reason,O
1885,that,O
1885,it,B-E
1885,would,I-E
1885,have,I-E
1885,affected,I-E
1885,the,I-E
1885,results,I-E
1885,if,I-E
1885,his,I-E
1885,appointment,I-E
1885,to,I-E
1885,the,I-E
1885,board,I-E
1885,were,I-E
1885,approved,I-E
1885,by,I-E
1885,the,I-E
1885,governor.,I-E
170,For,B-C
170,"example,",I-C
170,the,I-C
170,report,I-C
170,implies,I-C
170,that,I-C
170,if,I-C
170,the,I-C
170,Lausanne,I-C
170,treaty,I-C
170,of,I-C
170,1923the,I-C
170,basis,I-C
170,of,I-C
170,the,I-C
170,Turkish,I-C
170,state,I-C
170,and,I-C
170,its,I-C
170,foreign,I-C
170,relationshad,I-C
170,been,I-C
170,fully,I-C
170,"implemented,",I-C
170,bloodshed,B-E
170,between,I-E
170,Turks,I-E
170,and,I-E
170,Kurds,I-E
170,might,I-E
170,have,I-E
170,been,I-E
170,avoided.,I-E
2759,Yet,B-C
2759,even,I-C
2759,that,I-C
2759,might,I-C
2759,be,I-C
2759,manageable,I-C
2759,were,B-E
2759,it,I-E
2759,not,I-E
2759,for,I-E
2759,the,I-E
2759,fact,I-E
2759,that,I-E
2759,the,I-E
2759,EU,I-E
2759,and,I-E
2759,Turkey,I-E
2759,are,I-E
2759,set,I-E
2759,on,I-E
2759,a,I-E
2759,collision,I-E
2759,course,I-E
2759,in,I-E
2759,the,I-E
2759,autumn:,I-E
2759,over,I-E
2759,Cyprus.,I-E
2809,Often,O
2809,times,O
2809,people,O
2809,who,O
2809,are,O
2809,stuck,O
2809,blame,O
2809,the,O
2809,past-If,O
2809,my,I-C
2809,parents,I-C
2809,had,I-C
2809,treated,I-C
2809,me,I-C
2809,better,I-C
2809,I,B-E
2809,wouldn't,I-E
2809,be,I-E
2809,so,I-E
2809,depressed.,I-E
88,He,B-E
88,might,I-E
88,have,I-E
88,been,I-E
88,keen,I-E
88,on,I-E
88,"income,",I-E
88,if,O
88,not,O
88,for,O
88,knowing,O
88,that,O
88,guaranteeing,O
88,a,O
88,long-term,O
88,sustainable,O
88,income,O
88,from,O
88,equities,O
88,without,B-C
88,being,I-C
88,hugely,I-C
88,diversified,I-C
88,was,I-C
88,a,I-C
88,tricky,I-C
88,business.,I-C
1159,The,B-E
1159,British,I-E
1159,might,I-E
1159,have,I-E
1159,looked,I-E
1159,better,I-E
1159,had,B-C
1159,they,I-C
1159,sent,I-C
1159,the,I-C
1159,foreign,I-C
1159,"secretary,",I-C
1159,Margaret,I-C
1159,"Beckett,",I-C
1159,in,I-C
1159,place,I-C
1159,of,I-C
1159,a,I-C
1159,more,I-C
1159,junior,I-C
1159,minister.,I-C
1497,He,B-E
1497,would,I-E
1497,have,I-E
1497,stole,I-E
1497,the,I-E
1497,gold,I-E
1497,out,I-E
1497,of,I-E
1497,his,I-E
1497,grandmother's,I-E
1497,teeth,I-E
1497,if,B-C
1497,she,I-C
1497,would,I-C
1497,have,I-C
1497,sit,I-C
1497,still,I-C
1497,for,I-C
1497,it.,I-C
1746,Average,O
1746,loans,O
1746,were,O
1746,up,O
1746,just,O
1746,4%,O
1746,this,O
1746,"quarter,",O
1746,and,O
1746,deposits,B-E
1746,would,I-E
1746,have,I-E
1746,been,I-E
1746,down,I-E
1746,if,B-C
1746,not,I-C
1746,for,I-C
1746,growth,I-C
1746,in,I-C
1746,higher-cost,I-C
1746,time,I-C
1746,deposits,I-C
1746,(CDs).,I-C
2188,Dr.,O
2188,Mok,O
2188,also,O
2188,suggested,O
2188,that,O
2188,the,B-E
2188,meta-analysis,I-E
2188,would,I-E
2188,have,I-E
2188,been,I-E
2188,more,I-E
2188,useful,I-E
2188,to,I-E
2188,clinicians,I-E
2188,if,B-C
2188,it,I-C
2188,had,I-C
2188,clearly,I-C
2188,separated,I-C
2188,out,I-C
2188,the,I-C
2188,trials,I-C
2188,that,I-C
2188,looked,I-C
2188,at,I-C
2188,first-line,I-C
2188,therapy,I-C
2188,from,I-C
2188,the,I-C
2188,trials,I-C
2188,that,I-C
2188,looked,I-C
2188,at,I-C
2188,second-line,I-C
2188,and,I-C
2188,later,I-C
2188,lines,I-C
2188,of,I-C
2188,treatment..,I-C
776,Had,B-C
776,the,I-C
776,Senate,I-C
776,not,I-C
776,been,I-C
776,running,I-C
776,out,I-C
776,of,I-C
776,time,I-C
776,on,I-C
776,the,I-C
776,bill,I-C
776,because,I-C
776,of,I-C
776,the,I-C
776,need,I-C
776,to,I-C
776,pass,I-C
776,an,I-C
776,extension,I-C
776,on,I-C
776,unemployment,I-C
776,"benefits,",I-C
776,there,B-E
776,would,I-E
776,have,I-E
776,been,I-E
776,even,I-E
776,more,I-E
776,amendments,I-E
776,and,I-E
776,an,I-E
776,even,I-E
776,stronger,I-E
776,bill.,I-E
761,That,B-E
761,would,I-E
761,be,I-E
761,soft,I-E
761,for,I-E
761,a,I-E
761,House,I-E
761,"campaign,",I-E
761,were,B-C
761,he,I-C
761,not,I-C
761,in,I-C
761,a,I-C
761,safely,I-C
761,blue,I-C
761,seat;,I-C
761,for,O
761,a,O
761,Senate,O
761,primary,O
761,in,O
761,"California,",O
761,it's,O
761,less,O
761,than,O
761,a,O
761,joke.,O
