sentence_id,words,labels
883,3.,B-C
883,HIGHER,I-C
883,"EDUCATION,",I-C
883,"RESEARCH,",I-C
883,SCIENCE,I-C
883,AND,I-C
883,TECHNOLOGY,I-C
883,Madam,I-C
883,"Speaker,",I-C
883,Honourable,I-C
883,"Members,",I-C
883,The,I-C
883,Higher,I-C
883,Education,I-C
883,sector,I-C
883,continues,I-C
883,to,I-C
883,implement,I-C
883,various,I-C
883,programmes,I-C
883,with,I-C
883,the,I-C
883,primary,I-C
883,goal,I-C
883,of,I-C
883,building,I-C
883,the,I-C
883,human,I-C
883,capital,I-C
883,stock,I-C
883,of,I-C
883,The,I-C
883,Gambia.,I-C
883,Guided,B-E
883,by,I-E
883,the,I-E
883,65%,I-E
883,Science,I-E
883,and,I-E
883,Technology,I-E
883,turnaround,I-E
883,"policy,",I-E
883,the,I-E
883,award,I-E
883,of,I-E
883,scholarships,I-E
883,has,I-E
883,been,I-E
883,increased,I-E
883,for,I-E
883,students,I-E
883,reading,I-E
883,the,I-E
883,"Sciences,",I-E
883,including,I-E
883,Medicine.,I-E
342,Read,B-C
342,more,I-C
342,…,I-C
342,AbbVie,I-C
342,Inc,I-C
342,(NYSE:ABBV),I-C
342,Vice,I-C
342,Chairman,I-C
342,Laura,I-C
342,J.,I-C
342,Schumacher,I-C
342,purchased,I-C
342,"25,000",I-C
342,shares,I-C
342,of,I-C
342,the,I-C
342,stock,I-C
342,in,I-C
342,a,I-C
342,transaction,I-C
342,dated,I-C
342,"Monday,",I-C
342,September,I-C
342,16th.,I-C
342,The,O
342,stock,O
342,was,O
342,bought,O
342,at,O
342,an,O
342,average,O
342,cost,O
342,of,O
342,$70.42,O
342,per,O
342,"share,",O
342,with,O
342,a,O
342,total,O
342,value,O
342,of,O
342,"$1,760,500.00.",O
342,Following,B-E
342,the,I-E
342,"transaction,",I-E
342,the,I-E
342,insider,I-E
342,now,I-E
342,owns,I-E
342,"164,838",I-E
342,shares,I-E
342,in,I-E
342,the,I-E
342,"company,",I-E
342,valued,I-E
342,at,I-E
342,"$11,607,891.96.",I-E
56,In,B-C
56,an,I-C
56,effort,I-C
56,to,I-C
56,prevent,I-C
56,the,I-C
56,federal,I-C
56,fund,I-C
56,rate,I-C
56,rising,I-C
56,further,I-C
56,the,I-C
56,central,I-C
56,bank,I-C
56,added,I-C
56,more,I-C
56,money,I-C
56,into,I-C
56,the,I-C
56,system,I-C
56,on,I-C
56,Thursday.,I-C
56,So,B-E
56,far,I-E
56,this,I-E
56,week,I-E
56,$203,I-E
56,billion,I-E
56,has,I-E
56,been,I-E
56,injected,I-E
56,into,I-E
56,the,I-E
56,markets.,I-E
694,Envestnet,B-C
694,Asset,I-C
694,Management,I-C
694,Inc.,I-C
694,increased,I-C
694,its,I-C
694,holdings,I-C
694,in,I-C
694,shares,I-C
694,of,I-C
694,BlackRock,I-C
694,Enhanced,I-C
694,Global,I-C
694,Dividend,I-C
694,Trust,I-C
694,by,I-C
694,17.9%,I-C
694,in,I-C
694,the,I-C
694,2nd,I-C
694,quarter.,I-C
694,Envestnet,B-E
694,Asset,I-E
694,Management,I-E
694,Inc.,I-E
694,now,I-E
694,owns,I-E
694,"28,470",I-E
694,shares,I-E
694,of,I-E
694,the,I-E
694,financial,I-E
694,services,I-E
694,provider's,I-E
694,stock,I-E
694,worth,I-E
694,"$305,000",I-E
694,after,I-E
694,buying,I-E
694,an,I-E
694,additional,I-E
694,"4,327",I-E
694,shares,I-E
694,during,I-E
694,the,I-E
694,last,I-E
694,quarter.,I-E
720,Financial,B-E
720,Ombudsman,I-E
720,Service,I-E
720,By,I-E
720,Imogen,I-E
720,Tew,I-E
720,Intrinsic,I-E
720,has,I-E
720,been,I-E
720,forced,I-E
720,to,I-E
720,compensate,I-E
720,Harlequin,I-E
720,clients,I-E
720,three,I-E
720,times,I-E
720,in,I-E
720,the,I-E
720,past,I-E
720,year,I-E
720,after,O
720,the,B-C
720,Financial,I-C
720,Ombudsman,I-C
720,Service,I-C
720,found,I-C
720,its,I-C
720,representatives,I-C
720,had,I-C
720,given,I-C
720,unsuitable,I-C
720,mortgage,I-C
720,advice,I-C
720,to,I-C
720,those,I-C
720,investing,I-C
720,in,I-C
720,the,I-C
720,troubled,I-C
720,overseas,I-C
720,property,I-C
720,group.,I-C
614,"TULSA,",B-C
614,Okla.--(BUSINESS,I-C
614,WIRE)--NGL,I-C
614,Energy,I-C
614,Partners,I-C
614,LP,I-C
614,(NYSE:,I-C
614,NGL),I-C
614,announced,I-C
614,today,I-C
614,that,I-C
614,the,I-C
614,Board,I-C
614,of,I-C
614,Directors,I-C
614,of,I-C
614,its,I-C
614,general,I-C
614,partner,I-C
614,declared,I-C
614,a,I-C
614,distribution,I-C
614,for,I-C
614,the,I-C
614,quarter,I-C
614,ending,I-C
614,September,I-C
614,"30,",I-C
614,2019,I-C
614,to,I-C
614,be,I-C
614,paid,I-C
614,to,I-C
614,the,I-C
614,holders,I-C
614,of,I-C
614,the,I-C
614,Partnership's,I-C
614,9.00%,I-C
614,Class,I-C
614,B,I-C
614,Fixed-to-Floating,I-C
614,Rate,I-C
614,Cumulative,I-C
614,Redeemable,I-C
614,Perpetual,I-C
614,Preferred,I-C
614,Units,I-C
614,(Class,I-C
614,B,I-C
614,Preferred,I-C
614,Units),I-C
614,and,I-C
614,the,I-C
614,9.625%,I-C
614,Class,I-C
614,C,I-C
614,Fixed-to-Floating,I-C
614,Rate,I-C
614,Cumulative,I-C
614,Redeemable,I-C
614,Perpetual,I-C
614,Preferred,I-C
614,Units,I-C
614,(Class,I-C
614,C,I-C
614,Preferred,I-C
614,Units),I-C
614,in,I-C
614,accordance,I-C
614,with,I-C
614,the,I-C
614,terms,I-C
614,outlined,I-C
614,in,I-C
614,NGL's,I-C
614,partnership,I-C
614,agreement.,I-C
614,Each,B-E
614,of,I-E
614,the,I-E
614,Class,I-E
614,B,I-E
614,Preferred,I-E
614,Units,I-E
614,quarterly,I-E
614,distribution,I-E
614,of,I-E
614,$0.5625,I-E
614,per,I-E
614,unit,I-E
614,and,I-E
614,the,I-E
614,Class,I-E
614,C,I-E
614,Preferred,I-E
614,Units,I-E
614,quarterly,I-E
614,distribution,I-E
614,of,I-E
614,$0.60156,I-E
614,per,I-E
614,unit,I-E
614,will,I-E
614,be,I-E
614,made,I-E
614,on,I-E
614,October,I-E
614,"15,",I-E
614,2019,I-E
614,to,I-E
614,holders,I-E
614,of,I-E
614,record,I-E
614,on,I-E
614,October,I-E
614,"1,",I-E
614,2019.,I-E
1002,More,B-E
1002,than,I-E
1002,"20,000",I-E
1002,jobs,I-E
1002,across,I-E
1002,the,I-E
1002,group,I-E
1002,are,I-E
1002,at,I-E
1002,risk,I-E
1002,if,O
1002,it,B-C
1002,"collapses,",I-C
1002,with,I-C
1002,"9,000",I-C
1002,of,I-C
1002,those,I-C
1002,jobs,I-C
1002,in,I-C
1002,the,I-C
1002,UK.,I-C
88,ECONOMY,B-E
88,-,I-E
88,Create,I-E
88,"300,000",I-E
88,jobs,I-E
88,building,I-E
88,clean-energy,I-E
88,utilities,I-E
88,and,I-E
88,retrofitting,I-E
88,buildings,I-E
88,to,O
88,be,B-C
88,energy,I-C
88,efficient.,I-C
409,Bank,B-C
409,of,I-C
409,America,I-C
409,Corp,I-C
409,DE,I-C
409,grew,I-C
409,its,I-C
409,stake,I-C
409,in,I-C
409,Vanguard,I-C
409,High,I-C
409,Dividend,I-C
409,Yield,I-C
409,ETF,I-C
409,by,I-C
409,0.7%,I-C
409,in,I-C
409,the,I-C
409,2nd,I-C
409,quarter.,I-C
409,Bank,B-E
409,of,I-E
409,America,I-E
409,Corp,I-E
409,DE,I-E
409,now,I-E
409,owns,I-E
409,"7,605,089",I-E
409,shares,I-E
409,of,I-E
409,the,I-E
409,company's,I-E
409,stock,I-E
409,worth,I-E
409,"$664,532,000",I-E
409,after,I-E
409,buying,I-E
409,an,I-E
409,additional,I-E
409,"51,375",I-E
409,shares,I-E
409,in,I-E
409,the,I-E
409,last,I-E
409,quarter.,I-E
800,The,B-C
800,industrial,I-C
800,products,I-C
800,company,I-C
800,reported,I-C
800,$0.68,I-C
800,earnings,I-C
800,per,I-C
800,share,I-C
800,for,I-C
800,the,I-C
800,"quarter,",I-C
800,beating,B-E
800,the,I-E
800,Thomson,I-E
800,Reuters',I-E
800,consensus,I-E
800,estimate,I-E
800,of,I-E
800,$0.61,I-E
800,by,I-E
800,$0.07.,I-E
501,David,B-E
501,Rowe,I-E
501,There's,I-E
501,no,I-E
501,doubt,I-E
501,that,I-E
501,there's,I-E
501,a,I-E
501,superficial,I-E
501,appeal,I-E
501,in,I-E
501,allowing,I-E
501,the,I-E
501,$162.6,I-E
501,billion,I-E
501,government-owned,I-E
501,Future,I-E
501,Fund,I-E
501,to,I-E
501,set,I-E
501,up,I-E
501,a,I-E
501,new,I-E
501,consumer,I-E
501,fund,I-E
501,that,I-E
501,would,I-E
501,actively,I-E
501,compete,I-E
501,for,I-E
501,members,I-E
501,with,I-E
501,retail,I-E
501,and,I-E
501,industry,I-E
501,super,I-E
501,funds.,I-E
501,After,B-C
501,"all,",I-C
501,the,I-C
501,Future,I-C
501,Fund,I-C
501,delivered,I-C
501,a,I-C
501,stunning,I-C
501,11.5,I-C
501,per,I-C
501,cent,I-C
501,return,I-C
501,in,I-C
501,the,I-C
501,year,I-C
501,to,I-C
501,June,I-C
501,"2019,",I-C
501,eclipsing,I-C
501,the,I-C
501,performance,I-C
501,of,I-C
501,most,I-C
501,top,I-C
501,super,I-C
501,funds.,I-C
429,United,B-E
429,States,I-E
429,Steel,I-E
429,"Corp.,",I-E
429,down,I-E
429,$1.39,I-E
429,to,I-E
429,$11.06,I-E
429,The,B-C
429,steel,I-C
429,company,I-C
429,told,I-C
429,investors,I-C
429,its,I-C
429,third,I-C
429,quarter,I-C
429,loss,I-C
429,will,I-C
429,be,I-C
429,wider,I-C
429,than,I-C
429,anticipated,I-C
429,because,I-C
429,of,I-C
429,lower,I-C
429,prices.,I-C
433,PulteGroup,B-E
433,"Inc.,",I-E
433,up,I-E
433,55,I-E
433,cents,I-E
433,to,I-E
433,$35.46,I-E
433,Shares,I-E
433,in,I-E
433,homebuilders,I-E
433,rose,I-E
433,after,O
433,the,B-C
433,National,I-C
433,Association,I-C
433,of,I-C
433,Realtors,I-C
433,reported,I-C
433,U.S.,I-C
433,home,I-C
433,sales,I-C
433,rose,I-C
433,1.3%,I-C
433,in,I-C
433,August.,I-C
449,The,B-C
449,mandate,I-C
449,to,I-C
449,issue,I-C
449,refunds,I-C
449,comes,I-C
449,under,I-C
449,a,I-C
449,provision,I-C
449,in,I-C
449,the,I-C
449,Affordable,I-C
449,Care,I-C
449,Act,I-C
449,that,I-C
449,limits,I-C
449,how,I-C
449,much,I-C
449,companies,I-C
449,can,I-C
449,keep,I-C
449,for,I-C
449,overhead,I-C
449,and,I-C
449,profit.,I-C
449,The,O
449,bulk,O
449,of,O
449,the,O
449,rebates,O
449,-,O
449,a,O
449,total,O
449,of,O
449,$80.4,O
449,million,O
449,from,O
449,four,O
449,companies,O
449,-,O
449,will,O
449,go,O
449,to,O
449,those,O
449,who,O
449,overpaid,O
449,for,O
449,plans,O
449,purchased,O
449,on,O
449,the,O
449,individual,O
449,market,O
449,in,O
449,"2018,",O
449,according,O
449,to,O
449,data,O
449,from,O
449,the,O
449,federal,O
449,Centers,O
449,for,O
449,Medicaid,O
449,and,O
449,Medicare,O
449,Service,O
449,analyzed,O
449,by,O
449,the,O
449,Kaiser,O
449,Family,O
449,Foundation.,O
449,The,B-E
449,"rest,",I-E
449,roughly,I-E
449,$11.5,I-E
449,"million,",I-E
449,will,I-E
449,be,I-E
449,refunded,I-E
449,by,I-E
449,two,I-E
449,insurers,I-E
449,to,I-E
449,more,I-E
449,than,I-E
449,500,I-E
449,large,I-E
449,Texas,I-E
449,employers,I-E
449,who,I-E
449,bought,I-E
449,plans,I-E
449,for,I-E
449,their,I-E
449,workers,I-E
449,last,I-E
449,"year,",I-E
449,the,I-E
449,data,I-E
449,showed.,I-E
210,Mr.,B-C
210,Thummel,I-C
210,projected,I-C
210,that,I-C
210,oil,I-C
210,prices,I-C
210,in,I-C
210,the,I-C
210,United,I-C
210,States,I-C
210,will,I-C
210,settle,I-C
210,at,I-C
210,between,I-C
210,$60,I-C
210,and,I-C
210,$70,I-C
210,a,I-C
210,"barrel,",I-C
210,which,O
210,would,O
210,lead,O
210,to,O
210,a,B-E
210,roughly,I-E
210,25,I-E
210,cent,I-E
210,increase,I-E
210,in,I-E
210,the,I-E
210,retail,I-E
210,price,I-E
210,of,I-E
210,gasoline.,I-E
715,Even,B-E
715,looking,I-E
715,at,I-E
715,13%,I-E
715,annualized,I-E
715,"returns,",I-E
715,estimated,I-E
715,earnings,I-E
715,growth,I-E
715,plus,I-E
715,the,I-E
715,dividend,I-E
715,"yield,",I-E
715,you,I-E
715,could,I-E
715,still,I-E
715,stomach,I-E
715,roughly,I-E
715,20%,I-E
715,valuation,I-E
715,compression,I-E
715,to,I-E
715,a,I-E
715,15x,I-E
715,TTM,I-E
715,P/E,I-E
715,and,I-E
715,still,I-E
715,generate,I-E
715,13%,I-E
715,annualized,I-E
715,returns.,I-E
715,That's,B-C
715,pretty,I-C
715,impressive,I-C
715,and,I-C
715,due,I-C
715,in,I-C
715,large,I-C
715,part,I-C
715,to,I-C
715,the,I-C
715,forecast,I-C
715,growth,I-C
715,of,I-C
715,earnings.,I-C
1042,Thomas,B-C
1042,Cook,I-C
1042,Failure,I-C
1042,would,O
1042,result,O
1042,in,O
1042,UK's,B-E
1042,biggest,I-E
1042,peacetime,I-E
1042,repatriation,I-E
1042,of,I-E
1042,"150,000",I-E
1042,holidaymakers,I-E
1042,Sean,I-E
1042,Farrell,I-E
1042,Thomas,I-E
1042,Cook,I-E
1042,is,I-E
1042,trying,I-E
1042,to,I-E
1042,sell,I-E
1042,its,I-E
1042,Nordic,I-E
1042,airline,I-E
1042,and,I-E
1042,tour,I-E
1042,operating,I-E
1042,division,I-E
1042,to,I-E
1042,raise,I-E
1042,funds,I-E
1042,to,I-E
1042,see,I-E
1042,it,I-E
1042,through,I-E
1042,winter.,I-E
420,"Well,",B-C
420,for,I-C
420,"starters,",I-C
420,he,I-C
420,lived,I-C
420,at,I-C
420,home,I-C
420,half,I-C
420,of,I-C
420,that,I-C
420,"time,",I-C
420,a,I-C
420,choice,I-C
420,many,I-C
420,millennials,I-C
420,are,I-C
420,making,I-C
420,as,I-C
420,housing,I-C
420,costs,I-C
420,skyrocket.,I-C
420,Living,B-E
420,rent-free,I-E
420,allowed,I-E
420,him,I-E
420,to,I-E
420,put,I-E
420,big,I-E
420,chunks,I-E
420,of,I-E
420,money,I-E
420,away,I-E
420,-,I-E
420,up,I-E
420,to,I-E
420,a,I-E
420,whopping,I-E
420,80%,I-E
420,of,I-E
420,his,I-E
420,"take-home,",I-E
420,he,I-E
420,said.,I-E
199,Companies,B-C
199,in,I-C
199,advanced,I-C
199,economies,I-C
199,are,I-C
199,already,I-C
199,automating,I-C
199,some,I-C
199,customer,I-C
199,support,I-C
199,services,I-C
199,rather,I-C
199,than,I-C
199,offshoring,I-C
199,them.,I-C
199,This,B-E
199,could,I-E
199,reduce,I-E
199,the,I-E
199,$160,I-E
199,billion,I-E
199,global,I-E
199,market,I-E
199,for,I-E
199,business,I-E
199,process,I-E
199,outsourcing,I-E
199,"(BPO),",I-E
199,now,I-E
199,one,I-E
199,of,I-E
199,the,I-E
199,most,I-E
199,heavily,I-E
199,traded,I-E
199,service,I-E
199,sectors.,I-E
773,PIO,B-C
773,stock,I-C
773,traded,I-C
773,up,I-C
773,$0.11,I-C
773,on,I-C
773,"Tuesday,",I-C
773,hitting,B-E
773,$27.88.,I-E
1056,TRV,B-C
1056,traded,I-C
1056,down,I-C
1056,$1.99,I-C
1056,during,I-C
1056,midday,I-C
1056,trading,I-C
1056,on,I-C
1056,"Friday,",I-C
1056,hitting,B-E
1056,$146.31.,I-E
1056,"1,627,099",O
1056,shares,O
1056,of,O
1056,the,O
1056,company's,O
1056,stock,O
1056,traded,O
1056,"hands,",O
1056,compared,O
1056,to,O
1056,its,O
1056,average,O
1056,volume,O
1056,of,O
1056,"1,312,022.",O
862,Penalty,B-C
862,on,I-C
862,filing:,I-C
862,Late,I-C
862,filing,I-C
862,of,I-C
862,MRI,I-C
862,returns,I-C
862,attracts,O
862,a,O
862,penalty,O
862,of:,O
862,"2,000",B-E
862,or,I-E
862,5%,I-E
862,of,I-E
862,the,I-E
862,tax,I-E
862,due,I-E
862,whichever,I-E
862,is,I-E
862,higher,I-E
862,for,I-E
862,individuals,I-E
862,"20,000",I-E
862,or,I-E
862,5%,I-E
862,of,I-E
862,the,I-E
862,tax,I-E
862,due,I-E
862,whichever,I-E
862,is,I-E
862,higher,I-E
862,for,I-E
862,corporates,I-E
862,Penalty,I-E
862,on,I-E
862,paying:,I-E
862,5%,I-E
862,of,I-E
862,the,I-E
862,tax,I-E
862,due,I-E
862,and,I-E
862,a,I-E
862,late,I-E
862,payment,I-E
862,interest,I-E
862,of,I-E
862,1%,I-E
862,per,I-E
862,month,I-E
862,on,I-E
862,the,I-E
862,unpaid,I-E
862,tax,I-E
862,until,I-E
862,the,I-E
862,tax,I-E
862,is,I-E
862,paid,I-E
862,in,I-E
862,full.,I-E
657,"Law360,",B-E
657,London,I-E
657,(September,I-E
657,"25,",I-E
657,"2019,",I-E
657,7:34,I-E
657,PM,I-E
657,BST),I-E
657,--,I-E
657,Tesco,I-E
657,urged,I-E
657,a,I-E
657,London,I-E
657,court,I-E
657,Wednesday,I-E
657,to,I-E
657,dismiss,I-E
657,a,I-E
657,$770,I-E
657,million,I-E
657,shareholder,I-E
657,suit,I-E
657,over,I-E
657,the,I-E
657,false,I-E
657,accounting,I-E
657,scandal,I-E
657,that,I-E
657,ravaged,I-E
657,the,I-E
657,supermarket,I-E
657,chain's,I-E
657,stock,I-E
657,"price,",I-E
657,arguing,O
657,the,B-C
657,investment,I-C
657,funds,I-C
657,do,I-C
657,not,I-C
657,hold,I-C
657,an,I-C
657,interest,I-C
657,in,I-C
657,its,I-C
657,shares.,I-C
128,There,B-C
128,are,I-C
128,no,I-C
128,shares,I-C
128,held,I-C
128,in,I-C
128,treasury.,I-C
128,The,B-E
128,total,I-E
128,voting,I-E
128,rights,I-E
128,in,I-E
128,the,I-E
128,Company,I-E
128,upon,I-E
128,Admission,I-E
128,is,I-E
128,therefore,I-E
128,"105,461,968",I-E
128,and,I-E
128,Shareholders,I-E
128,may,I-E
128,use,I-E
128,this,I-E
128,figure,I-E
128,as,I-E
128,the,I-E
128,denominator,I-E
128,by,I-E
128,which,I-E
128,they,I-E
128,are,I-E
128,required,I-E
128,to,I-E
128,notify,I-E
128,their,I-E
128,interest,I-E
128,"in,",I-E
128,or,I-E
128,change,I-E
128,to,I-E
128,their,I-E
128,interest,I-E
128,"in,",I-E
128,the,I-E
128,Company,I-E
128,under,I-E
128,the,I-E
128,Disclosure,I-E
128,Guidance,I-E
128,and,I-E
128,Transparency,I-E
128,Rules.,I-E
51,Firm,B-C
51,Capital,I-C
51,Mortgage,I-C
51,Investment,I-C
51,Corp,I-C
51,(TSE:FC),I-C
51,to,I-C
51,Issue,I-C
51,Monthly,I-C
51,Dividend,I-C
51,of,I-C
51,$0.08,I-C
51,Tweet,I-C
51,Firm,I-C
51,Capital,I-C
51,Mortgage,I-C
51,Investment,I-C
51,Corp,I-C
51,(TSE:FC),I-C
51,declared,I-C
51,a,I-C
51,monthly,I-C
51,dividend,I-C
51,on,I-C
51,"Friday,",I-C
51,September,I-C
51,"27th,",I-C
51,TickerTech,I-C
51,reports.,I-C
51,Investors,O
51,of,O
51,record,O
51,on,O
51,"Tuesday,",O
51,October,O
51,15th,O
51,will,O
51,be,O
51,given,O
51,a,O
51,dividend,O
51,of,O
51,0.078,O
51,per,O
51,share,O
51,on,O
51,"Tuesday,",O
51,October,O
51,15th.,O
51,This,B-E
51,represents,I-E
51,a,I-E
51,$0.94,I-E
51,dividend,I-E
51,on,I-E
51,an,I-E
51,annualized,I-E
51,basis,I-E
51,and,I-E
51,a,I-E
51,dividend,I-E
51,yield,I-E
51,of,I-E
51,6.71%.,I-E
86,Warren,B-E
86,Buffett-backed,I-E
86,Kraft-Heinz,I-E
86,fell,I-E
86,as,I-E
86,much,I-E
86,as,I-E
86,4.7%,I-E
86,after,O
86,Brazilian,B-C
86,private,I-C
86,equity,I-C
86,firm,I-C
86,3G,I-C
86,Capital,I-C
86,Partners,I-C
86,sold,I-C
86,25.1,I-C
86,million,I-C
86,"shares,",I-C
86,cutting,I-C
86,its,I-C
86,stake,I-C
86,in,I-C
86,the,I-C
86,company,I-C
86,by,I-C
86,about,I-C
86,9%.,I-C
877,THE,B-C
877,FINANCE,I-C
877,AND,I-C
877,ECONOMIC,I-C
877,SECTOR,I-C
877,Madam,I-C
877,"Speaker,",I-C
877,I,I-C
877,am,I-C
877,proud,I-C
877,to,I-C
877,report,I-C
877,that,I-C
877,the,I-C
877,country's,I-C
877,economic,I-C
877,growth,I-C
877,has,I-C
877,generally,I-C
877,"strengthened,",I-C
877,while,I-C
877,inflation,I-C
877,has,I-C
877,now,I-C
877,moderated.,I-C
877,For,B-E
877,the,I-E
877,past,I-E
877,two,I-E
877,years,I-E
877,the,I-E
877,economy,I-E
877,grew,I-E
877,by,I-E
877,4.8%,I-E
877,in,I-E
877,2017,I-E
877,and,I-E
877,improved,I-E
877,to,I-E
877,6.5%,I-E
877,in,I-E
877,2018.,I-E
877,Balance,O
877,of,O
877,payments,O
877,(BoP),O
877,estimates,O
877,indicate,O
877,that,O
877,the,O
877,current,O
877,account,O
877,deficit,O
877,narrowed,O
877,to,O
877,1.5,O
877,percent,O
877,of,O
877,GDP,O
877,in,O
877,the,O
877,first,O
877,half,O
877,of,O
877,2019,O
877,compared,O
877,to,O
877,a,O
877,deficit,O
877,of,O
877,1.7,O
877,percent,O
877,of,O
877,GDP,O
877,in,O
877,the,O
877,corresponding,O
877,quarter,O
877,in,O
877,2018.,O
997,Even,B-C
997,if,I-C
997,households,I-C
997,don't,I-C
997,keep,I-C
997,buying,I-C
997,"stocks,",I-C
997,there's,B-E
997,plenty,I-E
997,of,I-E
997,proof,I-E
997,companies,I-E
997,will,I-E
997,keep,I-E
997,buying,I-E
997,back,I-E
997,their,I-E
997,own,I-E
997,"shares,",I-E
997,with,I-E
997,some,I-E
997,$820,I-E
997,billion,I-E
997,in,I-E
997,buybacks,I-E
997,announced,I-E
997,this,I-E
997,year,I-E
997,"alone,",I-E
997,said,I-E
997,Harmsworth.,I-E
803,Vanguard,B-C
803,Group,I-C
803,Inc.,I-C
803,grew,I-C
803,its,I-C
803,stake,I-C
803,in,I-C
803,shares,I-C
803,of,I-C
803,Chart,I-C
803,Industries,I-C
803,by,I-C
803,7.7%,I-C
803,in,I-C
803,the,I-C
803,second,I-C
803,quarter.,I-C
803,Vanguard,B-E
803,Group,I-E
803,Inc.,I-E
803,now,I-E
803,owns,I-E
803,"3,577,954",I-E
803,shares,I-E
803,of,I-E
803,the,I-E
803,industrial,I-E
803,products,I-E
803,company's,I-E
803,stock,I-E
803,worth,I-E
803,"$275,072,000",I-E
803,after,I-E
803,acquiring,I-E
803,an,I-E
803,additional,I-E
803,"256,912",I-E
803,shares,I-E
803,during,I-E
803,the,I-E
803,period.,I-E
789,To,B-C
789,limit,I-C
789,the,I-C
789,effect,I-C
789,of,I-C
789,a,I-C
789,protracted,I-C
789,bear,I-C
789,market,I-C
789,in,I-C
789,any,I-C
789,one,I-C
789,"industry,",I-C
789,I,B-E
789,aim,I-E
789,to,I-E
789,keep,I-E
789,the,I-E
789,dividend,I-E
789,income,I-E
789,and,I-E
789,portfolio,I-E
789,value,I-E
789,for,I-E
789,each,I-E
789,industry,I-E
789,under,I-E
789,20%.,I-E
994,Adding,B-C
994,the,I-C
994,cess,I-C
994,and,I-C
994,"surcharge,",I-C
994,the,B-E
994,effective,I-E
994,tax,I-E
994,rate,I-E
994,for,I-E
994,these,I-E
994,companies,I-E
994,will,I-E
994,be,I-E
994,17.01%.,I-E
728,Shares,B-C
728,of,I-C
728,NASDAQ:XON,I-C
728,traded,I-C
728,up,I-C
728,$0.17,I-C
728,on,I-C
728,"Tuesday,",I-C
728,reaching,B-E
728,$6.42.,I-E
604,Attorneys,B-C
604,in,I-C
604,the,I-C
604,civil,I-C
604,lawsuit,I-C
604,say,I-C
604,McDonald,I-C
604,allegedly,I-C
604,convinced,I-C
604,the,I-C
604,authority,I-C
604,to,I-C
604,buy,I-C
604,land,I-C
604,from,I-C
604,her,I-C
604,aunt,I-C
604,and,I-C
604,uncle,I-C
604,for,I-C
604,a,I-C
604,workforce,I-C
604,housing,I-C
604,project,I-C
604,without,I-C
604,disclosing,I-C
604,that,I-C
604,they,I-C
604,were,I-C
604,her,I-C
604,"relatives,",I-C
604,and,O
604,billed,B-E
604,the,I-E
604,authority,I-E
604,an,I-E
604,additional,I-E
604,"$130,000",I-E
604,in,I-E
604,the,I-E
604,"transaction,",I-E
604,most,I-E
604,of,I-E
604,which,I-E
604,went,I-E
604,to,I-E
604,pay,I-E
604,off,I-E
604,what,I-E
604,appeared,I-E
604,to,I-E
604,be,I-E
604,her,I-E
604,mortgage.,I-E
801,The,B-C
801,stock,I-C
801,was,I-C
801,purchased,I-C
801,at,I-C
801,an,I-C
801,average,I-C
801,cost,I-C
801,of,I-C
801,$59.73,I-C
801,per,I-C
801,"share,",I-C
801,with,I-C
801,a,I-C
801,total,I-C
801,value,I-C
801,of,I-C
801,"$203,261.19.",I-C
801,Following,B-E
801,the,I-E
801,"transaction,",I-E
801,the,I-E
801,director,I-E
801,now,I-E
801,owns,I-E
801,"5,500",I-E
801,shares,I-E
801,in,I-E
801,the,I-E
801,"company,",I-E
801,valued,I-E
801,at,I-E
801,approximately,I-E
801,"$328,515.",I-E
1075,(NYSE:VTR),B-C
1075,declared,I-C
1075,a,I-C
1075,-,I-C
1075,dividend,I-C
1075,on,I-C
1075,"Monday,",I-C
1075,September,I-C
1075,"23rd,",I-C
1075,Wall,I-C
1075,Street,I-C
1075,Journal,I-C
1075,reports.,I-C
1075,Shareholders,B-E
1075,of,I-E
1075,record,I-E
1075,on,I-E
1075,"Tuesday,",I-E
1075,October,I-E
1075,1st,I-E
1075,will,I-E
1075,be,I-E
1075,paid,I-E
1075,a,I-E
1075,dividend,I-E
1075,of,I-E
1075,0.7925,I-E
1075,per,I-E
1075,share,I-E
1075,by,I-E
1075,the,I-E
1075,real,I-E
1075,estate,I-E
1075,investment,I-E
1075,trust,I-E
1075,on,I-E
1075,"Friday,",I-E
1075,October,I-E
1075,11th.,I-E
1075,This,O
1075,represents,O
1075,a,O
1075,yield,O
1075,of,O
1075,4.4%.,O
381,By,B-E
381,By,I-E
381,Matthew,I-E
381,Green,I-E
381,Reuters,I-E
381,27,I-E
381,minutes,I-E
381,ago,I-E
381,Almost,I-E
381,90,I-E
381,big,I-E
381,companies,I-E
381,in,I-E
381,sectors,I-E
381,from,I-E
381,food,I-E
381,to,I-E
381,cement,I-E
381,to,I-E
381,telecommunications,I-E
381,are,I-E
381,pledging,I-E
381,to,I-E
381,slash,I-E
381,their,I-E
381,greenhouse,I-E
381,gas,I-E
381,emissions,I-E
381,in,I-E
381,a,I-E
381,new,I-E
381,campaign,I-E
381,to,O
381,steer,B-C
381,multi-nationals,I-C
381,towards,I-C
381,a,I-C
381,low-carbon,I-C
381,future.,I-C
394,iShares,B-C
394,MSCI,I-C
394,USA,I-C
394,Equal,I-C
394,Weighted,I-C
394,ETF,I-C
394,(NYSEARCA:EUSA),I-C
394,Plans,I-C
394,$0.20,I-C
394,-,I-C
394,Dividend,I-C
394,.,I-C
394,Shareholders,B-E
394,of,I-E
394,record,I-E
394,on,I-E
394,"Wednesday,",I-E
394,September,I-E
394,25th,I-E
394,will,I-E
394,be,I-E
394,paid,I-E
394,a,I-E
394,dividend,I-E
394,of,I-E
394,0.2014,I-E
394,per,I-E
394,share,I-E
394,on,I-E
394,"Monday,",I-E
394,September,I-E
394,30th.,I-E
394,This,O
394,represents,O
394,a,O
394,yield,O
394,of,O
394,1.7%.,O
44,Analysts,B-C
44,expect,I-C
44,Park,I-C
44,Hotels,I-C
44,&,I-C
44,Resorts,I-C
44,to,I-C
44,earn,I-C
44,$2.89,I-C
44,per,I-C
44,share,I-C
44,next,I-C
44,"year,",I-C
44,which,O
44,means,O
44,the,B-E
44,company,I-E
44,should,I-E
44,continue,I-E
44,to,I-E
44,be,I-E
44,able,I-E
44,to,I-E
44,cover,I-E
44,its,I-E
44,$1.80,I-E
44,annual,I-E
44,dividend,I-E
44,with,I-E
44,an,I-E
44,expected,I-E
44,future,I-E
44,payout,I-E
44,ratio,I-E
44,of,I-E
44,62.3%.,I-E
849,Another,B-C
849,Great,I-C
849,Recession-like,I-C
849,downturn,I-C
849,in,I-C
849,the,I-C
849,U.S.,I-C
849,stock,I-C
849,market,I-C
849,could,I-C
849,push,I-C
849,California's,I-C
849,public,I-C
849,pension,I-C
849,system,I-C
849,assets,I-C
849,from,I-C
849,$918,I-C
849,billion,I-C
849,today,I-C
849,to,I-C
849,just,I-C
849,over,I-C
849,$700,I-C
849,billion.,I-C
849,The,B-E
849,average,I-E
849,funded,I-E
849,ratio,I-E
849,for,I-E
849,all,I-E
849,public,I-E
849,pensions,I-E
849,in,I-E
849,California,I-E
849,would,I-E
849,fall,I-E
849,from,I-E
849,75%,I-E
849,to,I-E
849,56.4%,I-E
849,on,I-E
849,an,I-E
849,actuarial,I-E
849,"basis,",I-E
849,meaning,I-E
849,pensions,I-E
849,would,I-E
849,have,I-E
849,just,I-E
849,over,I-E
849,50,I-E
849,cents,I-E
849,for,I-E
849,every,I-E
849,dollar,I-E
849,in,I-E
849,obligations.,I-E
270,Software,B-E
270,segment,I-E
270,will,I-E
270,witness,I-E
270,remarkable,I-E
270,growth,I-E
270,of,I-E
270,7.8%,I-E
270,CAGR,I-E
270,in,I-E
270,the,I-E
270,forecast,I-E
270,period.,I-E
270,Escalating,B-C
270,demand,I-C
270,for,I-C
270,data,I-C
270,organization,I-C
270,and,I-C
270,rising,I-C
270,inclination,I-C
270,towards,I-C
270,regulatory-compliant,I-C
270,software,I-C
270,owing,I-C
270,to,I-C
270,customized,I-C
270,"software,",I-C
270,improved,I-C
270,workflows,I-C
270,and,I-C
270,data,I-C
270,visibility,I-C
270,will,I-C
270,fuel,I-C
270,the,I-C
270,software,I-C
270,market.,I-C
361,The,B-C
361,cantonal,I-C
361,tax,I-C
361,regimes,I-C
361,such,I-C
361,as,I-C
361,holding,I-C
361,"company,",I-C
361,mixed,I-C
361,"company,",I-C
361,and,I-C
361,domicile,I-C
361,company,I-C
361,are,I-C
361,abolished.,I-C
361,As,O
361,a,O
361,consequence,O
361,of,O
361,this,O
361,"abolition,",O
361,specific,O
361,transitional,O
361,rules,O
361,will,O
361,be,O
361,available,O
361,for,O
361,companies,O
361,that,O
361,will,O
361,lose,O
361,their,O
361,preferential,O
361,cantonal,O
361,tax,O
361,regimes.,O
361,"Hence,",B-E
361,during,I-E
361,a,I-E
361,transition,I-E
361,period,I-E
361,of,I-E
361,5,I-E
361,"years,",I-E
361,the,I-E
361,realization,I-E
361,of,I-E
361,hidden,I-E
361,reserves,I-E
361,(including,I-E
361,original,I-E
361,goodwill),I-E
361,can,I-E
361,be,I-E
361,taxed,I-E
361,separately,I-E
361,with,I-E
361,a,I-E
361,lower,I-E
361,special,I-E
361,tax,I-E
361,rate,I-E
361,of,I-E
361,0.5%,I-E
361,if,I-E
361,such,I-E
361,income,I-E
361,would,I-E
361,not,I-E
361,have,I-E
361,been,I-E
361,taxable,I-E
361,under,I-E
361,the,I-E
361,old,I-E
361,law.,I-E
771,Invesco,B-C
771,Global,I-C
771,Water,I-C
771,ETF,I-C
771,(NASDAQ:PIO),I-C
771,Announces,I-C
771,-,I-C
771,Dividend,I-C
771,of,I-C
771,$0.08,I-C
771,Invesco,I-C
771,Global,I-C
771,Water,I-C
771,ETF,I-C
771,(NASDAQ:PIO),I-C
771,announced,I-C
771,a,I-C
771,-,I-C
771,dividend,I-C
771,on,I-C
771,"Monday,",I-C
771,September,I-C
771,"23rd,",I-C
771,Wall,I-C
771,Street,I-C
771,Journal,I-C
771,reports.,I-C
771,Investors,B-E
771,of,I-E
771,record,I-E
771,on,I-E
771,"Tuesday,",I-E
771,September,I-E
771,24th,I-E
771,will,I-E
771,be,I-E
771,given,I-E
771,a,I-E
771,dividend,I-E
771,of,I-E
771,0.0792,I-E
771,per,I-E
771,share,I-E
771,on,I-E
771,"Monday,",I-E
771,September,I-E
771,30th.,I-E
771,This,O
771,represents,O
771,a,O
771,yield,O
771,of,O
771,1.5%.,O
479,"However,",B-E
479,it,I-E
479,emerged,I-E
479,fourth,I-E
479,as,O
479,regards,B-C
479,total,I-C
479,assets,I-C
479,base,I-C
479,with,I-C
479,N5.10trillion,I-C
479,while,O
479,First,O
479,Bank,O
479,recorded,O
479,N5.57trillion,O
479,total,O
479,assets,O
479,to,O
479,take,O
479,the,O
479,third,O
479,position.,O
1102,Spark,B-E
1102,New,I-E
1102,Zealand,I-E
1102,fell,I-E
1102,0.9,I-E
1102,"percent,",I-E
1102,or,I-E
1102,4,I-E
1102,"cents,",I-E
1102,to,I-E
1102,$4.48,I-E
1102,after,O
1102,shedding,B-C
1102,rights,I-C
1102,to,I-C
1102,12.5,I-C
1102,cents,I-C
1102,of,I-C
1102,dividends.,I-C
113,Page,B-C
113,211,I-C
113,of,I-C
113,the,I-C
113,report,I-C
113,states:,I-C
113,The,I-C
113,Dutch,I-C
113,tax,I-C
113,authority,I-C
113,has,I-C
113,issued,I-C
113,a,I-C
113,number,I-C
113,of,I-C
113,assessments,I-C
113,on,I-C
113,various,I-C
113,issues,I-C
113,across,I-C
113,the,I-C
113,years,I-C
113,2003,I-C
113,to,I-C
113,2016,I-C
113,in,I-C
113,relation,I-C
113,to,I-C
113,various,I-C
113,intra-group,I-C
113,transactions.,I-C
113,The,B-E
113,assessments,I-E
113,amount,I-E
113,to,I-E
113,an,I-E
113,aggregate,I-E
113,net,I-E
113,liability,I-E
113,across,I-E
113,these,I-E
113,periods,I-E
113,of,I-E
113,£902m,I-E
113,covering,I-E
113,"tax,",I-E
113,interest,I-E
113,and,I-E
113,penalties.,I-E
523,More,B-E
523,than,I-E
523,$51,I-E
523,million,I-E
523,was,I-E
523,allocated,I-E
523,to,I-E
523,the,I-E
523,Alabama,I-E
523,Reading,I-E
523,"Initiative,",I-E
523,which,I-E
523,will,I-E
523,oversee,I-E
523,the,I-E
523,implementation,I-E
523,of,I-E
523,the,I-E
523,"Act,",I-E
523,for,I-E
523,the,I-E
523,2020,I-E
523,budget,I-E
523,"year,",I-E
523,an,B-C
523,increase,I-C
523,of,I-C
523,$6.5,I-C
523,million,I-C
523,over,I-C
523,the,I-C
523,2019,I-C
523,allocation.,I-C
1060,"Also,",B-C
1060,EVP,I-C
1060,Andy,I-C
1060,F.,I-C
1060,Bessette,I-C
1060,sold,I-C
1060,"11,650",I-C
1060,shares,I-C
1060,of,I-C
1060,Travelers,I-C
1060,Companies,I-C
1060,stock,I-C
1060,in,I-C
1060,a,I-C
1060,transaction,I-C
1060,that,I-C
1060,occurred,I-C
1060,on,I-C
1060,"Tuesday,",I-C
1060,August,I-C
1060,20th.,I-C
1060,The,O
1060,shares,O
1060,were,O
1060,sold,O
1060,at,O
1060,an,O
1060,average,O
1060,price,O
1060,of,O
1060,"$146.85,",O
1060,for,O
1060,a,O
1060,total,O
1060,transaction,O
1060,of,O
1060,"$1,710,802.50.",O
1060,Following,B-E
1060,the,I-E
1060,completion,I-E
1060,of,I-E
1060,the,I-E
1060,"transaction,",I-E
1060,the,I-E
1060,executive,I-E
1060,vice,I-E
1060,president,I-E
1060,now,I-E
1060,directly,I-E
1060,owns,I-E
1060,"21,259",I-E
1060,shares,I-E
1060,in,I-E
1060,the,I-E
1060,"company,",I-E
1060,valued,I-E
1060,at,I-E
1060,approximately,I-E
1060,"$3,121,884.15.",I-E
1089,£14m,O
1089,pension,O
1089,schemes,O
1089,shut,O
1089,down,O
1089,leaving,O
1089,229,O
1089,people,O
1089,with,O
1089,missing,O
1089,pension,O
1089,pot,O
1089,Two,B-E
1089,pension,I-E
1089,schemes,I-E
1089,worth,I-E
1089,£14m,I-E
1089,have,I-E
1089,been,I-E
1089,wound,I-E
1089,up,I-E
1089,by,I-E
1089,the,I-E
1089,high,I-E
1089,court,I-E
1089,after,O
1089,an,B-C
1089,investigation,I-C
1089,revealed,I-C
1089,they,I-C
1089,had,I-C
1089,invested,I-C
1089,members',I-C
1089,money,I-C
1089,in,I-C
1089,"illiquid,",I-C
1089,high-risk,I-C
1089,and,I-C
1089,unsuitable,I-C
1089,investments.,I-C
198,The,B-C
198,academic,I-C
198,literature,I-C
198,finds,I-C
198,that,I-C
198,a,I-C
198,1,I-C
198,percent,I-C
198,reduction,I-C
198,in,I-C
198,trade,I-C
198,costs,I-C
198,can,O
198,result,O
198,in,O
198,a,B-E
198,0.4,I-E
198,percent,I-E
198,increase,I-E
198,in,I-E
198,trade,I-E
198,flows.,I-E
231,Wood,B-E
231,Mackenzie,I-E
231,is,I-E
231,forecasting,I-E
231,12.6,I-E
231,GWdc,I-E
231,of,I-E
231,solar,I-E
231,will,I-E
231,be,I-E
231,installed,I-E
231,this,I-E
231,year,I-E
231,and,I-E
231,has,I-E
231,reduced,I-E
231,its,I-E
231,utility,I-E
231,scale,I-E
231,forecast,I-E
231,due,O
231,to,O
231,completion,B-C
231,of,I-C
231,many,I-C
231,projects,I-C
231,being,I-C
231,pushed,I-C
231,out,I-C
231,to,I-C
231,next,I-C
231,year,I-C
231,or,I-C
231,later.,I-C
799,GTLS,B-C
799,traded,I-C
799,up,I-C
799,$1.91,I-C
799,during,I-C
799,trading,I-C
799,on,I-C
799,"Wednesday,",I-C
799,hitting,B-E
799,$70.69.,I-E
799,"8,663",O
799,shares,O
799,of,O
799,the,O
799,stock,O
799,traded,O
799,"hands,",O
799,compared,O
799,to,O
799,its,O
799,average,O
799,volume,O
799,of,O
799,"332,566.",O
482,In,B-E
482,terms,I-E
482,of,I-E
482,loans,I-E
482,and,I-E
482,"advances,",I-E
482,Fidelity,I-E
482,was,I-E
482,very,I-E
482,close,I-E
482,to,I-E
482,hitting,I-E
482,N1.0trillion,I-E
482,as,I-E
482,of,I-E
482,half,I-E
482,year,I-E
482,with,O
482,deposits,B-C
482,rising,I-C
482,above,I-C
482,N1.0trillion,I-C
482,and,I-C
482,total,I-C
482,assets,I-C
482,of,I-C
482,N1.94trillion.,I-C
538,By,B-C
538,HeartlandNews,I-C
538,-,I-C
538,2,I-C
538,0,I-C
538,Facebook,I-C
538,Twitter,I-C
538,Pinterest,I-C
538,WhatsApp,I-C
538,Linkedin,I-C
538,ReddIt,I-C
538,Telegram,I-C
538,Digg,I-C
538,In,I-C
538,"2014,",I-C
538,Michigan,I-C
538,resident,I-C
538,Uri,I-C
538,Rafaeli,I-C
538,underpaid,I-C
538,property,I-C
538,taxes,I-C
538,on,I-C
538,a,I-C
538,rental,I-C
538,unit,I-C
538,he,I-C
538,owned,I-C
538,by,I-C
538,$8.43.,I-C
538,For,B-E
538,his,I-E
538,"oversight,",I-E
538,Oakland,I-E
538,County,I-E
538,seized,I-E
538,his,I-E
538,property,I-E
538,and,I-E
538,sold,I-E
538,it,I-E
538,at,I-E
538,auction,I-E
538,for,I-E
538,"$24,500.",I-E
925,In,B-C
925,"addition,",I-C
925,the,I-C
925,Fibonacci,I-C
925,levels,I-C
925,prevent,B-E
925,the,I-E
925,asset,I-E
925,from,I-E
925,reaching,I-E
925,above,I-E
925,1.25000.,I-E
925,CHF/JPY,O
925,The,O
925,asset,O
925,chart,O
925,formed,O
925,a,O
925,Double,O
925,Bottom,O
925,pattern.,O
534,In,B-C
534,the,I-C
534,last,I-C
534,90,I-C
534,"days,",I-C
534,insiders,I-C
534,have,I-C
534,sold,I-C
534,"21,758",I-C
534,shares,I-C
534,of,I-C
534,company,I-C
534,stock,I-C
534,worth,I-C
534,"$1,349,246.",I-C
534,2.78%,B-E
534,of,I-E
534,the,I-E
534,stock,I-E
534,is,I-E
534,owned,I-E
534,by,I-E
534,corporate,I-E
534,insiders.,I-E
70,Northwestern,B-C
70,Mutual,I-C
70,Wealth,I-C
70,Management,I-C
70,Co.,I-C
70,raised,I-C
70,its,I-C
70,position,I-C
70,in,I-C
70,iShares,I-C
70,Select,I-C
70,Dividend,I-C
70,ETF,I-C
70,by,I-C
70,1.8%,I-C
70,during,I-C
70,the,I-C
70,first,I-C
70,quarter.,I-C
70,Northwestern,B-E
70,Mutual,I-E
70,Wealth,I-E
70,Management,I-E
70,Co.,I-E
70,now,I-E
70,owns,I-E
70,"859,945",I-E
70,shares,I-E
70,of,I-E
70,the,I-E
70,company's,I-E
70,stock,I-E
70,valued,I-E
70,at,I-E
70,"$84,428,000",I-E
70,after,I-E
70,purchasing,I-E
70,an,I-E
70,additional,I-E
70,"15,373",I-E
70,shares,I-E
70,in,I-E
70,the,I-E
70,last,I-E
70,quarter.,I-E
549,Frame,B-E
549,is,I-E
549,the,I-E
549,latest,I-E
549,leisure,I-E
549,addition,I-E
549,to,I-E
549,Angel,I-E
549,"Central,",I-E
549,which,I-E
549,is,I-E
549,currently,I-E
549,being,I-E
549,transformed,I-E
549,with,I-E
549,an,I-E
549,£11m,I-E
549,"investment,",I-E
549,part,O
549,of,O
549,an,B-C
549,overall,I-C
549,masterplan,I-C
549,to,I-C
549,improve,I-C
549,the,I-C
549,offer,I-C
549,and,I-C
549,positioning,I-C
549,of,I-C
549,the,I-C
549,Centre.,I-C
101,The,B-C
101,finalist,I-C
101,paired,I-C
101,with,I-C
101,the,I-C
101,winning,I-C
101,horse,I-C
101,will,B-E
101,win,I-E
101,the,I-E
101,Win,I-E
101,A,I-E
101,Share,I-E
101,contest,I-E
101,and,I-E
101,the,I-E
101,share,I-E
101,in,I-E
101,Landmark,I-E
101,13,I-E
101,Stable,I-E
101,(valued,I-E
101,at,I-E
101,"$2,000)",I-E
101,just,I-E
101,in,I-E
101,time,I-E
101,to,I-E
101,go,I-E
101,horse,I-E
101,shopping,I-E
101,at,I-E
101,the,I-E
101,2019,I-E
101,edition,I-E
101,of,I-E
101,the,I-E
101,London,I-E
101,Selected,I-E
101,Yearling,I-E
101,Sale,I-E
101,on,I-E
101,October,I-E
101,19,I-E
101,and,I-E
101,20.,I-E
596,Shadow,B-E
596,business,I-E
596,secretary,I-E
596,Rebecca,I-E
596,Long,I-E
596,Bailey,I-E
596,said:,I-E
596,The,I-E
596,Government,I-E
596,faces,I-E
596,a,I-E
596,simple,I-E
596,choice,I-E
596,between,I-E
596,a,I-E
596,£200,I-E
596,million,I-E
596,Government,I-E
596,cash,I-E
596,injection,I-E
596,to,O
596,save,B-C
596,the,I-C
596,company,I-C
596,now,I-C
596,versus,O
596,a,O
596,£600,O
596,million,O
596,bill,O
596,to,O
596,repatriate,O
596,UK,O
596,holidaymakers.,O
380,While,B-E
380,companies,I-E
380,can,I-E
380,avail,I-E
380,15%,I-E
380,tax,I-E
380,rate,I-E
380,by,O
380,making,B-C
380,capital,I-C
380,expenditure,I-C
380,through,I-C
380,a,I-C
380,new,I-C
380,legal,I-C
380,"entity,",I-C
380,they,I-C
380,have,I-C
380,to,I-C
380,be,I-C
380,mindful,I-C
380,that,I-C
380,this,I-C
380,is,I-C
380,not,I-C
380,a,I-C
380,restructuring,I-C
380,and,I-C
380,even,I-C
380,the,I-C
380,new,I-C
380,company,I-C
380,shouldn't,I-C
380,have,I-C
380,borrowed,I-C
380,money,I-C
380,from,I-C
380,existing,I-C
380,entity,I-C
380,or,I-C
380,even,I-C
380,customers,I-C
380,can't,I-C
380,be,I-C
380,moved,I-C
380,to,I-C
380,the,I-C
380,new,I-C
380,company.,I-C
247,Stockton,B-E
247,Council's,I-E
247,'Money,I-E
247,Market,I-E
247,Funds',I-E
247,2018/19,I-E
247,BlackRock,I-E
247,-,I-E
247,"£1,070,000",I-E
247,Aberdeen,I-E
247,-,I-E
247,"£3,000,000",I-E
247,Federated,I-E
247,-,I-E
247,"£6,000,000",I-E
247,Legal,I-E
247,and,I-E
247,General,I-E
247,-,I-E
247,"£1,000,000",I-E
247,Insight,I-E
247,-,I-E
247,"£1,500,000",I-E
247,It,I-E
247,also,I-E
247,put,I-E
247,away,I-E
247,£15m,I-E
247,in,I-E
247,something,I-E
247,called,I-E
247,the,I-E
247,CCLA,I-E
247,Property,I-E
247,Fund,I-E
247,-,I-E
247,a,I-E
247,pool,I-E
247,of,I-E
247,money,I-E
247,invested,I-E
247,by,I-E
247,groups,I-E
247,of,I-E
247,councils,I-E
247,to,O
247,boost,B-C
247,their,I-C
247,coffers.,I-C
1090,More,B-E
1090,than,I-E
1090,200,I-E
1090,people,I-E
1090,may,I-E
1090,have,I-E
1090,lost,I-E
1090,huge,I-E
1090,sums,I-E
1090,of,I-E
1090,money,I-E
1090,after,O
1090,investing,B-C
1090,into,I-C
1090,two,I-C
1090,high-risk,I-C
1090,pensions,I-C
1090,"schemes,",I-C
1090,officials,I-C
1090,have,I-C
1090,said.,I-C
493,"Also,",B-C
493,Director,I-C
493,Ruth,I-C
493,Ann,I-C
493,Marshall,I-C
493,sold,I-C
493,"2,436",I-C
493,shares,I-C
493,of,I-C
493,the,I-C
493,business's,I-C
493,stock,I-C
493,in,I-C
493,a,I-C
493,transaction,I-C
493,that,I-C
493,occurred,I-C
493,on,I-C
493,"Friday,",I-C
493,July,I-C
493,26th.,I-C
493,The,O
493,stock,O
493,was,O
493,sold,O
493,at,O
493,an,O
493,average,O
493,price,O
493,of,O
493,"$29.11,",O
493,for,O
493,a,O
493,total,O
493,value,O
493,of,O
493,"$70,911.96.",O
493,Following,B-E
493,the,I-E
493,"sale,",I-E
493,the,I-E
493,director,I-E
493,now,I-E
493,directly,I-E
493,owns,I-E
493,"101,823",I-E
493,shares,I-E
493,in,I-E
493,the,I-E
493,"company,",I-E
493,valued,I-E
493,at,I-E
493,"$2,964,067.53.",I-E
292,Concurrent,B-C
292,Technologies,I-C
292,PLC,I-C
292,(CNC),I-C
292,to,I-C
292,Issue,I-C
292,Dividend,I-C
292,of,I-C
292,GBX,I-C
292,1.05,I-C
292,on,I-C
292,October,I-C
292,11th,I-C
292,Concurrent,I-C
292,Technologies,I-C
292,PLC,I-C
292,(LON:CNC),I-C
292,announced,I-C
292,a,I-C
292,dividend,I-C
292,on,I-C
292,"Tuesday,",I-C
292,September,I-C
292,"10th,",I-C
292,Upcoming.Co.Uk,I-C
292,reports.,I-C
292,Investors,B-E
292,of,I-E
292,record,I-E
292,on,I-E
292,"Thursday,",I-E
292,September,I-E
292,26th,I-E
292,will,I-E
292,be,I-E
292,given,I-E
292,a,I-E
292,dividend,I-E
292,of,I-E
292,GBX,I-E
292,1.05,I-E
292,($0.01),I-E
292,per,I-E
292,share,I-E
292,by,I-E
292,the,I-E
292,technology,I-E
292,company,I-E
292,on,I-E
292,"Friday,",I-E
292,October,I-E
292,11th.,I-E
292,This,O
292,represents,O
292,a,O
292,yield,O
292,of,O
292,1.53%.,O
1039,If,B-C
1039,you,I-C
1039,prefer,I-C
1039,a,I-C
1039,high-yield,I-C
1039,savings,I-C
1039,"account,",I-C
1039,Vio,B-E
1039,Bank,I-E
1039,has,I-E
1039,an,I-E
1039,option,I-E
1039,that,I-E
1039,pays,I-E
1039,2.52%,I-E
1039,on,I-E
1039,all,I-E
1039,balances,I-E
1039,",",I-E
1039,with,I-E
1039,a,I-E
1039,minimum,I-E
1039,of,I-E
1039,$100,I-E
1039,required,I-E
1039,to,I-E
1039,open.,I-E
208,"Lastly,",B-E
208,there,I-E
208,are,I-E
208,the,I-E
208,"85,000",I-E
208,retail,I-E
208,"shareholders,",I-E
208,some,I-E
208,of,I-E
208,whom,I-E
208,live,I-E
208,close,I-E
208,to,I-E
208,the,I-E
208,mine,I-E
208,site,I-E
208,in,I-E
208,North,I-E
208,Yorkshire,I-E
208,and,I-E
208,had,I-E
208,invested,I-E
208,in,I-E
208,a,I-E
208,bid,I-E
208,to,O
208,boost,B-C
208,the,I-C
208,fortunes,I-C
208,of,I-C
208,the,I-C
208,local,I-C
208,economy.,I-C
634,Under,B-C
634,the,I-C
634,"deal,",I-C
634,Cortis,B-E
634,would,I-E
634,receive,I-E
634,all,I-E
634,his,I-E
634,money,I-E
634,"back,",I-E
634,plus,I-E
634,33%,I-E
634,of,I-E
634,the,I-E
634,profits.,I-E
864,These,B-C
864,solar,I-C
864,developments,I-C
864,represent,I-C
864,a,I-C
864,$74.1,I-C
864,million,I-C
864,capital,I-C
864,investment,I-C
864,into,I-C
864,rural,I-C
864,North,I-C
864,Carolina,I-C
864,communities.,I-C
864,Nearly,B-E
864,400,I-E
864,jobs,I-E
864,were,I-E
864,created,I-E
864,throughout,I-E
864,project,I-E
864,"construction,",I-E
864,including,I-E
864,70,I-E
864,local,I-E
864,jobs.,I-E
504,By,B-C
504,lending,I-C
504,Mike,I-C
504,"$50,",I-C
504,the,B-E
504,bank,I-E
504,creates,I-E
504,a,I-E
504,deposit,I-E
504,for,I-E
504,$50,I-E
504,that,I-E
504,Mike,I-E
504,can,I-E
504,now,I-E
504,use.,I-E
739,BNP,B-C
739,Paribas,I-C
739,Arbitrage,I-C
739,SA,I-C
739,grew,I-C
739,its,I-C
739,holdings,I-C
739,in,I-C
739,shares,I-C
739,of,I-C
739,Barnes,I-C
739,&,I-C
739,Noble,I-C
739,Education,I-C
739,by,I-C
739,108.5%,I-C
739,during,I-C
739,the,I-C
739,1st,I-C
739,quarter.,I-C
739,BNP,B-E
739,Paribas,I-E
739,Arbitrage,I-E
739,SA,I-E
739,now,I-E
739,owns,I-E
739,"9,317",I-E
739,shares,I-E
739,of,I-E
739,the,I-E
739,specialty,I-E
739,retailer's,I-E
739,stock,I-E
739,valued,I-E
739,at,I-E
739,"$39,000",I-E
739,after,I-E
739,purchasing,I-E
739,an,I-E
739,additional,I-E
739,"4,848",I-E
739,shares,I-E
739,during,I-E
739,the,I-E
739,last,I-E
739,quarter.,I-E
926,Earlier,B-E
926,this,I-E
926,"week,",I-E
926,the,I-E
926,New,I-E
926,Jersey,I-E
926,Globe,I-E
926,reported,I-E
926,Corbett,I-E
926,pays,I-E
926,just,I-E
926,$900,I-E
926,annually,I-E
926,on,I-E
926,a,I-E
926,5.5,I-E
926,acres,I-E
926,portion,I-E
926,of,I-E
926,his,I-E
926,property,I-E
926,because,O
926,of,O
926,a,B-C
926,tax,I-C
926,break,I-C
926,granted,I-C
926,by,I-C
926,the,I-C
926,state's,I-C
926,Farmland,I-C
926,Assessment,I-C
926,Act.,I-C
31,In,B-C
31,the,I-C
31,"'90s,",I-C
31,Detroit,I-C
31,built,I-C
31,casinos,I-C
31,to,I-C
31,compete,I-C
31,with,I-C
31,those,I-C
31,across,I-C
31,the,I-C
31,river,I-C
31,in,I-C
31,"Windsor,",I-C
31,Canada.,I-C
31,Their,B-E
31,revenue,I-E
31,ended,I-E
31,up,I-E
31,accounting,I-E
31,for,I-E
31,11,I-E
31,percent,I-E
31,of,I-E
31,the,I-E
31,city's,I-E
31,"budget,",I-E
31,but,I-E
31,it,I-E
31,wasn't,I-E
31,enough,I-E
31,to,I-E
31,prevent,I-E
31,the,I-E
31,largest,I-E
31,municipal,I-E
31,bankruptcy,I-E
31,in,I-E
31,American,I-E
31,"history,",I-E
31,in,I-E
31,2013.,I-E
138,Only,B-E
138,$22.9,I-E
138,"billion,",I-E
138,or,I-E
138,about,I-E
138,8,I-E
138,"percent,",I-E
138,was,I-E
138,held,I-E
138,in,I-E
138,529,I-E
138,prepaid,I-E
138,tuition,I-E
138,plans.,I-E
138,Their,B-C
138,lower,I-C
138,popularity,I-C
138,may,I-C
138,be,I-C
138,attributable,I-C
138,to,I-C
138,their,I-C
138,lower,I-C
138,flexibility,I-C
138,and,I-C
138,availability,I-C
138,compared,I-C
138,with,I-C
138,529,I-C
138,savings,I-C
138,plans.,I-C
243,Victory,B-C
243,Capital,I-C
243,Management,I-C
243,Inc.,I-C
243,raised,I-C
243,its,I-C
243,stake,I-C
243,in,I-C
243,shares,I-C
243,of,I-C
243,Customers,I-C
243,Bancorp,I-C
243,by,I-C
243,10.9%,I-C
243,during,I-C
243,the,I-C
243,first,I-C
243,quarter.,I-C
243,Victory,B-E
243,Capital,I-E
243,Management,I-E
243,Inc.,I-E
243,now,I-E
243,owns,I-E
243,"40,029",I-E
243,shares,I-E
243,of,I-E
243,the,I-E
243,bank's,I-E
243,stock,I-E
243,valued,I-E
243,at,I-E
243,"$733,000",I-E
243,after,I-E
243,acquiring,I-E
243,an,I-E
243,additional,I-E
243,"3,942",I-E
243,shares,I-E
243,during,I-E
243,the,I-E
243,last,I-E
243,quarter.,I-E
277,Earlier,B-C
277,this,I-C
277,"year,",I-C
277,SoFi,I-C
277,closed,I-C
277,a,I-C
277,$500,I-C
277,million,I-C
277,funding,I-C
277,round,I-C
277,led,I-C
277,by,I-C
277,Qatar,I-C
277,Investment,I-C
277,Authority,I-C
277,that,O
277,brought,B-E
277,the,I-E
277,company's,I-E
277,valuation,I-E
277,to,I-E
277,$4.8,I-E
277,billion.,I-E
319,SANTA,B-E
319,"ROSA,",I-E
319,"Calif.,",I-E
319,Sept.,I-E
319,"25,",I-E
319,2019,I-E
319,(GLOBE,I-E
319,NEWSWIRE),I-E
319,--,I-E
319,Luther,I-E
319,Burbank,I-E
319,Corporation,I-E
319,(the,I-E
319,Company),I-E
319,(NASDAQ:,I-E
319,"LBC),",I-E
319,the,I-E
319,holding,I-E
319,company,I-E
319,for,I-E
319,Luther,I-E
319,Burbank,I-E
319,Savings,I-E
319,(the,I-E
319,"Bank),",I-E
319,announced,I-E
319,this,I-E
319,week,I-E
319,that,I-E
319,it,I-E
319,was,I-E
319,awarded,I-E
319,a,I-E
319,"$200,000",I-E
319,grant,I-E
319,by,I-E
319,FHLBank,I-E
319,San,I-E
319,Francisco,I-E
319,(FHLBank),I-E
319,to,O
319,benefit,B-C
319,the,I-C
319,Sonoma,I-C
319,County,I-C
319,Community,I-C
319,Development,I-C
319,Commission,I-C
319,(CDC).,I-C
453,Due,B-C
453,to,I-C
453,the,I-C
453,forgone,I-C
453,"wages,",I-C
453,the,B-E
453,state,I-E
453,of,I-E
453,Michigan,I-E
453,is,I-E
453,losing,I-E
453,roughly,I-E
453,"$446,000",I-E
453,per,I-E
453,day,I-E
453,in,I-E
453,income,I-E
453,tax,I-E
453,"revenue,",I-E
453,the,I-E
453,group,I-E
453,said.,I-E
286,55,B-C
286,Age,I-C
286,at,O
286,which,O
286,individuals,B-E
286,can,I-E
286,contribute,I-E
286,an,I-E
286,extra,I-E
286,"$1,000.",I-E
767,"Meanwhile,",B-E
767,they,I-E
767,approved,I-E
767,appointing,I-E
767,KPMG,I-E
767,Al,I-E
767,Fozan,I-E
767,to,I-E
767,audit,I-E
767,the,I-E
767,company's,I-E
767,quarterly,I-E
767,and,I-E
767,annual,I-E
767,financials,I-E
767,of,I-E
767,the,I-E
767,fiscal,I-E
767,year,I-E
767,2019/2020,I-E
767,for,I-E
767,a,I-E
767,fee,I-E
767,of,I-E
767,SAR,I-E
767,3.25,I-E
767,million,I-E
767,and,I-E
767,approved,I-E
767,paying,I-E
767,SAR,I-E
767,2.1,I-E
767,million,I-E
767,as,O
767,board,B-C
767,remuneration,I-C
767,for,I-C
767,the,I-C
767,fiscal,I-C
767,year,I-C
767,ended,I-C
767,March,I-C
767,"31,",I-C
767,2019.,I-C
109,Security,B-E
109,Token,I-E
109,"Santander,",I-E
109,"Mitsubishi,",I-E
109,Nomura,I-E
109,invest,I-E
109,$14M,I-E
109,in,I-E
109,security,I-E
109,token,I-E
109,platform,I-E
109,Securitize,I-E
109,September,I-E
109,"24,",I-E
109,"2019,",I-E
109,2:32PM,I-E
109,EDT,I-E
109,Security-token,I-E
109,management,I-E
109,platform,I-E
109,Securitize,I-E
109,today,I-E
109,announced,I-E
109,a,I-E
109,$14,I-E
109,million,I-E
109,strategic,I-E
109,round,I-E
109,raised,I-E
109,from,I-E
109,investors,I-E
109,including,I-E
109,Banco,I-E
109,"Santander,",I-E
109,Mitsubishi,I-E
109,UFJ,I-E
109,Financial,I-E
109,"Group,",I-E
109,"and,",I-E
109,Nomura,I-E
109,"Holdings,",I-E
109,signaling,B-C
109,banks',I-C
109,heightened,I-C
109,interest,I-C
109,in,I-C
109,the,I-C
109,cryptocurrency,I-C
109,and,I-C
109,digital,I-C
109,securities,I-C
109,markets.,I-C
328,MFS,B-C
328,Municipal,I-C
328,Income,I-C
328,Trust,I-C
328,(MFM),I-C
328,to,I-C
328,Issue,I-C
328,-,I-C
328,Dividend,I-C
328,of,I-C
328,$0.03,I-C
328,on,I-C
328,September,I-C
328,30th,I-C
328,.,I-C
328,Investors,B-E
328,of,I-E
328,record,I-E
328,on,I-E
328,"Wednesday,",I-E
328,September,I-E
328,18th,I-E
328,will,I-E
328,be,I-E
328,given,I-E
328,a,I-E
328,dividend,I-E
328,of,I-E
328,0.027,I-E
328,per,I-E
328,share,I-E
328,by,I-E
328,the,I-E
328,closed-end,I-E
328,fund,I-E
328,on,I-E
328,"Monday,",I-E
328,September,I-E
328,30th.,I-E
328,This,O
328,represents,O
328,a,O
328,yield,O
328,of,O
328,4.8%.,O
333,As,B-C
333,We's,I-C
333,valuation,I-C
333,"falls,",I-C
333,it,B-E
333,needs,I-E
333,to,I-E
333,issue,I-E
333,ever,I-E
333,more,I-E
333,shares,I-E
333,to,I-E
333,reach,I-E
333,the,I-E
333,$3,I-E
333,billion,I-E
333,mark.,I-E
589,The,B-E
589,remaining,I-E
589,11,I-E
589,had,I-E
589,an,I-E
589,ETR,I-E
589,below,I-E
589,the,I-E
589,25.17%,I-E
589,that,I-E
589,they,I-E
589,would,I-E
589,have,I-E
589,to,I-E
589,shell,I-E
589,out,I-E
589,if,O
589,they,B-C
589,migrated,I-C
589,to,I-C
589,the,I-C
589,new,I-C
589,regime.,I-C
949,The,B-C
949,5%,I-C
949,rule,I-C
949,for,I-C
949,company,I-C
949,shareholders,I-C
949,To,I-C
949,qualify,I-C
949,for,I-C
949,"ER,",I-C
949,the,B-E
949,company,I-E
949,needs,I-E
949,to,I-E
949,be,I-E
949,an,I-E
949,individual's,I-E
949,'personal,I-E
949,company',I-E
949,where,I-E
949,the,I-E
949,individual,I-E
949,must:,I-E
949,be,I-E
949,a,I-E
949,company,I-E
949,employee,I-E
949,or,I-E
949,office,I-E
949,holder,I-E
949,hold,I-E
949,at,I-E
949,least,I-E
949,5%,I-E
949,of,I-E
949,the,I-E
949,company's,I-E
949,ordinary,I-E
949,share,I-E
949,capital,I-E
949,and,I-E
949,be,I-E
949,able,I-E
949,to,I-E
949,exercise,I-E
949,at,I-E
949,least,I-E
949,5%,I-E
949,of,I-E
949,the,I-E
949,voting,I-E
949,rights.,I-E
425,Photograph:,B-E
425,Myung,I-E
425,Jung,I-E
425,Kim/PA,I-E
425,More,I-E
425,than,I-E
425,"1,400",I-E
425,UK,I-E
425,restaurants,I-E
425,collapsed,I-E
425,in,I-E
425,the,I-E
425,year,I-E
425,since,I-E
425,June,I-E
425,2018,I-E
425,-,O
425,underlining,O
425,the,O
425,scale,O
425,of,O
425,the,B-C
425,so-called,I-C
425,casual,I-C
425,dining,I-C
425,"crunch,",I-C
425,which,I-C
425,has,I-C
425,led,I-C
425,to,I-C
425,customers,I-C
425,turning,I-C
425,their,I-C
425,backs,I-C
425,on,I-C
425,chains,I-C
425,such,I-C
425,as,I-C
425,"Byron,",I-C
425,"Strada,",I-C
425,Gourmet,I-C
425,Burger,I-C
425,Kitchen,I-C
425,and,I-C
425,Jamie,I-C
425,Oliver's,I-C
425,restaurant,I-C
425,empire.,I-C
365,Possibly,B-E
365,further,I-E
365,complicating,I-E
365,their,I-E
365,"discussion,",I-E
365,short-term,I-E
365,U.S.,I-E
365,interest,I-E
365,rates,I-E
365,shot,I-E
365,up,I-E
365,this,I-E
365,"week,",I-E
365,with,I-E
365,overnight,I-E
365,repo,I-E
365,rates,I-E
365,rising,I-E
365,to,I-E
365,"7%,",I-E
365,due,O
365,largely,O
365,to,O
365,seasonal,B-C
365,factors,I-C
365,such,I-C
365,as,I-C
365,huge,I-C
365,payments,I-C
365,for,I-C
365,taxes,I-C
365,and,I-C
365,bond,I-C
365,supply.,I-C
755,The,B-C
755,information,I-C
755,services,I-C
755,provider,I-C
755,reported,I-C
755,$0.11,I-C
755,earnings,I-C
755,per,I-C
755,share,I-C
755,(EPS),I-C
755,for,I-C
755,the,I-C
755,"quarter,",I-C
755,topping,B-E
755,the,I-E
755,Zacks',I-E
755,consensus,I-E
755,estimate,I-E
755,of,I-E
755,$0.06,I-E
755,by,I-E
755,$0.05.,I-E
940,Their,B-C
940,mission,I-C
940,is,I-C
940,to,I-C
940,"design,",I-C
940,"develop,",I-C
940,preserve,I-C
940,and,I-C
940,manage,I-C
940,affordable,I-C
940,housing,I-C
940,for,I-C
940,"families,",I-C
940,elderly,I-C
940,and,I-C
940,persons,I-C
940,with,I-C
940,special,I-C
940,needs.,I-C
940,They,B-E
940,have,I-E
940,developed,I-E
940,nearly,I-E
940,"2,000",I-E
940,apartments,I-E
940,over,I-E
940,the,I-E
940,past,I-E
940,30,I-E
940,years,I-E
940,and,I-E
940,have,I-E
940,won,I-E
940,awards,I-E
940,for,I-E
940,energy,I-E
940,efficiency,I-E
940,and,I-E
940,minority,I-E
940,participation.,I-E
959,11/,B-C
959,That,I-C
959,rushed,I-C
959,meeting,I-C
959,was,I-C
959,convincing,I-C
959,enough,I-C
959,to,O
959,ensure,O
959,SoftBank,B-E
959,would,I-E
959,provide,I-E
959,most,I-E
959,of,I-E
959,WeWork's,I-E
959,$10,I-E
959,billion,I-E
959,funding,I-E
959,to,I-E
959,date,I-E
959,Adam,I-E
959,Neumann,I-E
959,attending,I-E
959,a,I-E
959,Nasdaq,I-E
959,opening,I-E
959,bell,I-E
959,ceremony,I-E
959,in,I-E
959,2018.,I-E
336,Openwork,B-C
336,reported,I-C
336,a,I-C
336,18.3,I-C
336,per,I-C
336,cent,I-C
336,increase,I-C
336,in,I-C
336,pre-tax,I-C
336,profits,I-C
336,to,I-C
336,£22.6m,I-C
336,for,I-C
336,"2018,",I-C
336,its,I-C
336,seventh,I-C
336,year,I-C
336,of,I-C
336,profit,I-C
336,growth,I-C
336,allowing,O
336,the,B-E
336,network,I-E
336,to,I-E
336,pay,I-E
336,its,I-E
336,first,I-E
336,dividend,I-E
336,to,I-E
336,shareholders,I-E
336,totalling,I-E
336,£2m.,I-E
10,After,B-C
10,$0.46,I-C
10,actual,I-C
10,EPS,I-C
10,reported,I-C
10,by,I-C
10,Sabra,I-C
10,Health,I-C
10,Care,I-C
10,"REIT,",I-C
10,Inc.,I-C
10,for,I-C
10,the,I-C
10,previous,I-C
10,"quarter,",I-C
10,Wall,B-E
10,Street,I-E
10,now,I-E
10,forecasts,I-E
10,2.17%,I-E
10,EPS,I-E
10,growth.,I-E
346,(NYSE:SYY),B-C
346,Director,I-C
346,John,I-C
346,M.,I-C
346,Cassaday,I-C
346,sold,I-C
346,"20,203",I-C
346,shares,I-C
346,of,I-C
346,the,I-C
346,firm's,I-C
346,stock,I-C
346,in,I-C
346,a,I-C
346,transaction,I-C
346,that,I-C
346,occurred,I-C
346,on,I-C
346,"Monday,",I-C
346,September,I-C
346,16th.,I-C
346,The,O
346,stock,O
346,was,O
346,sold,O
346,at,O
346,an,O
346,average,O
346,price,O
346,of,O
346,"$77.23,",O
346,for,O
346,a,O
346,total,O
346,transaction,O
346,of,O
346,"$1,560,277.69.",O
346,Following,B-E
346,the,I-E
346,"sale,",I-E
346,the,I-E
346,director,I-E
346,now,I-E
346,owns,I-E
346,"52,785",I-E
346,shares,I-E
346,in,I-E
346,the,I-E
346,"company,",I-E
346,valued,I-E
346,at,I-E
346,approximately,I-E
346,"$4,076,585.55.",I-E
308,"Then,",B-C
308,when,I-C
308,a,I-C
308,downturn,I-C
308,"occurs,",I-C
308,homeowners,I-C
308,who,I-C
308,find,I-C
308,it,I-C
308,difficult,I-C
308,to,I-C
308,sell,I-C
308,because,I-C
308,of,I-C
308,the,I-C
308,artificially,I-C
308,inflated,I-C
308,value,I-C
308,of,I-C
308,their,I-C
308,home,I-C
308,abandon,I-C
308,their,I-C
308,"homes,",I-C
308,but,I-C
308,they,I-C
308,may,I-C
308,still,I-C
308,end,I-C
308,up,I-C
308,paying,I-C
308,to,I-C
308,cover,I-C
308,any,I-C
308,difference,I-C
308,between,I-C
308,what,I-C
308,the,I-C
308,home,I-C
308,eventually,I-C
308,sells,I-C
308,for,I-C
308,and,I-C
308,the,I-C
308,mortgage,I-C
308,note.,I-C
308,A,B-E
308,report,I-E
308,on,I-E
308,foreclosures,I-E
308,prepared,I-E
308,for,I-E
308,the,I-E
308,US,I-E
308,Senate,I-E
308,listed,I-E
308,a,I-E
308,cost,I-E
308,to,I-E
308,homeowners,I-E
308,of,I-E
308,"$7,200.",I-E
96,In,B-C
96,other,I-C
96,"news,",I-C
96,Director,I-C
96,Wesley,I-C
96,A.,I-C
96,Brown,I-C
96,sold,I-C
96,"3,320",I-C
96,shares,I-C
96,of,I-C
96,the,I-C
96,company's,I-C
96,stock,I-C
96,in,I-C
96,a,I-C
96,transaction,I-C
96,dated,I-C
96,"Friday,",I-C
96,June,I-C
96,21st.,I-C
96,The,O
96,shares,O
96,were,O
96,sold,O
96,at,O
96,an,O
96,average,O
96,price,O
96,of,O
96,"$137.35,",O
96,for,O
96,a,O
96,total,O
96,transaction,O
96,of,O
96,"$456,002.00.",O
96,Following,B-E
96,the,I-E
96,"transaction,",I-E
96,the,I-E
96,director,I-E
96,now,I-E
96,owns,I-E
96,"90,931",I-E
96,shares,I-E
96,in,I-E
96,the,I-E
96,"company,",I-E
96,valued,I-E
96,at,I-E
96,"$12,489,372.85.",I-E
613,-,O
613,-,O
613,Sell,O
613,Ratings,O
613,-,O
613,Hold,O
613,Ratings,O
613,-,O
613,Buy,O
613,Ratings,O
613,-,O
613,Strong,O
613,Buy,O
613,Ratings,O
613,-,O
613,Rating,O
613,Score,O
613,-,O
613,Cambium,O
613,Networks,O
613,-,O
613,0,O
613,-,O
613,2,O
613,-,O
613,4,O
613,-,O
613,0,O
613,-,O
613,2.67,O
613,-,O
613,Technical,O
613,Communications,O
613,-,O
613,0,O
613,-,O
613,0,O
613,-,O
613,0,O
613,-,O
613,0,O
613,-,O
613,N/A,O
613,Cambium,B-C
613,Networks,I-C
613,presently,I-C
613,has,I-C
613,a,I-C
613,consensus,I-C
613,price,I-C
613,target,I-C
613,of,I-C
613,"$13.58,",I-C
613,indicating,O
613,a,B-E
613,potential,I-E
613,upside,I-E
613,of,I-E
613,24.85%.,I-E
275,Also,B-E
275,"Monday,",I-E
275,Amy,I-E
275,"Willard,",I-E
275,director,I-E
275,of,I-E
275,school,I-E
275,finance,I-E
275,for,I-E
275,the,I-E
275,state,I-E
275,Department,I-E
275,of,I-E
275,"Education,",I-E
275,put,I-E
275,the,I-E
275,cost,I-E
275,of,I-E
275,the,I-E
275,omnibus,I-E
275,education,I-E
275,bill,I-E
275,passed,I-E
275,in,I-E
275,June,I-E
275,at,I-E
275,$134.1,I-E
275,million,I-E
275,a,I-E
275,year.,I-E
275,The,B-C
275,largest,I-C
275,cost,I-C
275,will,I-C
275,be,I-C
275,$62.7,I-C
275,million,I-C
275,per,I-C
275,year,I-C
275,for,I-C
275,5,I-C
275,"percent,",I-C
275,on,I-C
275,"average,",I-C
275,pay,I-C
275,raises,I-C
275,for,I-C
275,teachers,I-C
275,and,I-C
275,school,I-C
275,service,I-C
275,"personnel,",I-C
275,along,I-C
275,with,I-C
275,a,I-C
275,$5,I-C
275,million-a-year,I-C
275,increase,I-C
275,in,I-C
275,pension,I-C
275,fund,I-C
275,contributions,I-C
275,to,I-C
275,account,I-C
275,for,I-C
275,higher,I-C
275,future,I-C
275,retirement,I-C
275,benefits.,I-C
1098,Inc.,B-E
1098,now,I-E
1098,owns,I-E
1098,"699,348",I-E
1098,shares,I-E
1098,of,I-E
1098,the,I-E
1098,company's,I-E
1098,stock,I-E
1098,worth,I-E
1098,"$9,861,000",I-E
1098,after,O
1098,buying,B-C
1098,an,I-C
1098,additional,I-C
1098,"297,267",I-C
1098,shares,I-C
1098,during,I-C
1098,the,I-C
1098,period.,I-C
977,She,B-E
977,also,I-E
977,noted,I-E
977,a,I-E
977,new,I-E
977,program,I-E
977,which,I-E
977,will,I-E
977,provides,I-E
977,a,I-E
977,one-time,I-E
977,grant,I-E
977,of,I-E
977,up,I-E
977,to,I-E
977,"$50,000",I-E
977,to,O
977,fund,B-C
977,projects,I-C
977,such,I-C
977,as,I-C
977,needle,I-C
977,distribution,I-C
977,and,I-C
977,recovery,I-C
977,programs.,I-C
141,Investors,B-C
141,are,I-C
141,catching,I-C
141,on,I-C
141,to,I-C
141,B.,I-C
141,Riley's,I-C
141,growth,I-C
141,"story,",I-C
141,driving,B-E
141,up,I-E
141,shares,I-E
141,more,I-E
141,than,I-E
141,70%,I-E
141,year-to-date.,I-E
893,This,B-C
893,is,I-C
893,a,I-C
893,global,I-C
893,initiative,I-C
893,to,I-C
893,empower,I-C
893,women,I-C
893,economically,I-C
893,through,I-C
893,trade,I-C
893,and,I-C
893,investment.,I-C
893,The,B-E
893,project,I-E
893,seeks,I-E
893,to,I-E
893,connect,I-E
893,three,I-E
893,million,I-E
893,women,I-E
893,to,I-E
893,markets,I-E
893,by,I-E
893,2021.,I-E
893,Through,O
893,this,O
893,"project,",O
893,two,O
893,hundred,O
893,and,O
893,fifty,O
893,youths,O
893,have,O
893,been,O
893,trained,O
893,and,O
893,deployed,O
893,for,O
893,service.,O
